id,firstName,lastName,gender,email,phone,address,city,state,country,zipCode
1,Amit,Choudhary,Male,amit@yahoo.com,9971888441,Siraspur,New Delhi,Delhi,India,110042
2,Amit,Choudhary,Male,amit@yahoo.com,9971888442,Siraspur,New Delhi,Delhi,India,110043
3,Amit,Choudhary,Male,amit@yahoo.com,9971888443,Siraspur,New Delhi,Delhi,India,110044
4,Amit,Choudhary,Male,amit@yahoo.com,9971888444,Siraspur,New Delhi,Delhi,India,110045
5,Amit,Choudhary,Male,amit@yahoo.com,9971888445,Siraspur,New Delhi,Delhi,India,110046
6,Amit,Choudhary,Male,amit@yahoo.com,9971888446,Siraspur,New Delhi,Delhi,India,110047
7,Amit,Choudhary,Male,amit@yahoo.com,9971888447,Siraspur,New Delhi,Delhi,India,110048
8,Amit,Choudhary,Male,amit@yahoo.com,9971888448,Siraspur,New Delhi,Delhi,India,110049
9,Amit,Choudhary,Male,amit@yahoo.com,9971888449,Siraspur,New Delhi,Delhi,India,110050
10,Amit,Choudhary,Male,amit@yahoo.com,9971888450,Siraspur,New Delhi,Delhi,India,110051
11,Amit,Choudhary,Male,amit@yahoo.com,9971888451,Siraspur,New Delhi,Delhi,India,110052
12,Amit,Choudhary,Male,amit@yahoo.com,9971888452,Siraspur,New Delhi,Delhi,India,110053
13,Amit,Choudhary,Male,amit@yahoo.com,9971888453,Siraspur,New Delhi,Delhi,India,110054
14,Amit,Choudhary,Male,amit@yahoo.com,9971888454,Siraspur,New Delhi,Delhi,India,110055
15,Amit,Choudhary,Male,amit@yahoo.com,9971888455,Siraspur,New Delhi,Delhi,India,110056
16,Amit,Choudhary,Male,amit@yahoo.com,9971888456,Siraspur,New Delhi,Delhi,India,110057
17,Amit,Choudhary,Male,amit@yahoo.com,9971888457,Siraspur,New Delhi,Delhi,India,110058
18,Amit,Choudhary,Male,amit@yahoo.com,9971888458,Siraspur,New Delhi,Delhi,India,110059
19,Amit,Choudhary,Male,amit@yahoo.com,9971888459,Siraspur,New Delhi,Delhi,India,110060
20,Amit,Choudhary,Male,amit@yahoo.com,9971888460,Siraspur,New Delhi,Delhi,India,110061
21,Amit,Choudhary,Male,amit@yahoo.com,9971888461,Siraspur,New Delhi,Delhi,India,110062
22,Amit,Choudhary,Male,amit@yahoo.com,9971888462,Siraspur,New Delhi,Delhi,India,110063
23,Amit,Choudhary,Male,amit@yahoo.com,9971888463,Siraspur,New Delhi,Delhi,India,110064
24,Amit,Choudhary,Male,amit@yahoo.com,9971888464,Siraspur,New Delhi,Delhi,India,110065
25,Amit,Choudhary,Male,amit@yahoo.com,9971888465,Siraspur,New Delhi,Delhi,India,110066
26,Amit,Choudhary,Male,amit@yahoo.com,9971888466,Siraspur,New Delhi,Delhi,India,110067
27,Amit,Choudhary,Male,amit@yahoo.com,9971888467,Siraspur,New Delhi,Delhi,India,110068
28,Amit,Choudhary,Male,amit@yahoo.com,9971888468,Siraspur,New Delhi,Delhi,India,110069
29,Amit,Choudhary,Male,amit@yahoo.com,9971888469,Siraspur,New Delhi,Delhi,India,110070
30,Amit,Choudhary,Male,amit@yahoo.com,9971888470,Siraspur,New Delhi,Delhi,India,110071
31,Amit,Choudhary,Male,amit@yahoo.com,9971888471,Siraspur,New Delhi,Delhi,India,110072
32,Amit,Choudhary,Male,amit@yahoo.com,9971888472,Siraspur,New Delhi,Delhi,India,110073
33,Amit,Choudhary,Male,amit@yahoo.com,9971888473,Siraspur,New Delhi,Delhi,India,110074
34,Amit,Choudhary,Male,amit@yahoo.com,9971888474,Siraspur,New Delhi,Delhi,India,110075
35,Amit,Choudhary,Male,amit@yahoo.com,9971888475,Siraspur,New Delhi,Delhi,India,110076
36,Amit,Choudhary,Male,amit@yahoo.com,9971888476,Siraspur,New Delhi,Delhi,India,110077
37,Amit,Choudhary,Male,amit@yahoo.com,9971888477,Siraspur,New Delhi,Delhi,India,110078
38,Amit,Choudhary,Male,amit@yahoo.com,9971888478,Siraspur,New Delhi,Delhi,India,110079
39,Amit,Choudhary,Male,amit@yahoo.com,9971888479,Siraspur,New Delhi,Delhi,India,110080
40,Amit,Choudhary,Male,amit@yahoo.com,9971888480,Siraspur,New Delhi,Delhi,India,110081
41,Amit,Choudhary,Male,amit@yahoo.com,9971888481,Siraspur,New Delhi,Delhi,India,110082
42,Amit,Choudhary,Male,amit@yahoo.com,9971888482,Siraspur,New Delhi,Delhi,India,110083
43,Amit,Choudhary,Male,amit@yahoo.com,9971888483,Siraspur,New Delhi,Delhi,India,110084
44,Amit,Choudhary,Male,amit@yahoo.com,9971888484,Siraspur,New Delhi,Delhi,India,110085
45,Amit,Choudhary,Male,amit@yahoo.com,9971888485,Siraspur,New Delhi,Delhi,India,110086
46,Amit,Choudhary,Male,amit@yahoo.com,9971888486,Siraspur,New Delhi,Delhi,India,110087
47,Amit,Choudhary,Male,amit@yahoo.com,9971888487,Siraspur,New Delhi,Delhi,India,110088
48,Amit,Choudhary,Male,amit@yahoo.com,9971888488,Siraspur,New Delhi,Delhi,India,110089
49,Amit,Choudhary,Male,amit@yahoo.com,9971888489,Siraspur,New Delhi,Delhi,India,110090
50,Amit,Choudhary,Male,amit@yahoo.com,9971888490,Siraspur,New Delhi,Delhi,India,110091
51,Amit,Choudhary,Male,amit@yahoo.com,9971888491,Siraspur,New Delhi,Delhi,India,110092
52,Amit,Choudhary,Male,amit@yahoo.com,9971888492,Siraspur,New Delhi,Delhi,India,110093
53,Amit,Choudhary,Male,amit@yahoo.com,9971888493,Siraspur,New Delhi,Delhi,India,110094
54,Amit,Choudhary,Male,amit@yahoo.com,9971888494,Siraspur,New Delhi,Delhi,India,110095
55,Amit,Choudhary,Male,amit@yahoo.com,9971888495,Siraspur,New Delhi,Delhi,India,110096
56,Amit,Choudhary,Male,amit@yahoo.com,9971888496,Siraspur,New Delhi,Delhi,India,110097
57,Amit,Choudhary,Male,amit@yahoo.com,9971888497,Siraspur,New Delhi,Delhi,India,110098
58,Amit,Choudhary,Male,amit@yahoo.com,9971888498,Siraspur,New Delhi,Delhi,India,110099
59,Amit,Choudhary,Male,amit@yahoo.com,9971888499,Siraspur,New Delhi,Delhi,India,110100
60,Amit,Choudhary,Male,amit@yahoo.com,9971888500,Siraspur,New Delhi,Delhi,India,110101
61,Amit,Choudhary,Male,amit@yahoo.com,9971888501,Siraspur,New Delhi,Delhi,India,110102
62,Amit,Choudhary,Male,amit@yahoo.com,9971888502,Siraspur,New Delhi,Delhi,India,110103
63,Amit,Choudhary,Male,amit@yahoo.com,9971888503,Siraspur,New Delhi,Delhi,India,110104
64,Amit,Choudhary,Male,amit@yahoo.com,9971888504,Siraspur,New Delhi,Delhi,India,110105
65,Amit,Choudhary,Male,amit@yahoo.com,9971888505,Siraspur,New Delhi,Delhi,India,110106
66,Amit,Choudhary,Male,amit@yahoo.com,9971888506,Siraspur,New Delhi,Delhi,India,110107
67,Amit,Choudhary,Male,amit@yahoo.com,9971888507,Siraspur,New Delhi,Delhi,India,110108
68,Amit,Choudhary,Male,amit@yahoo.com,9971888508,Siraspur,New Delhi,Delhi,India,110109
69,Amit,Choudhary,Male,amit@yahoo.com,9971888509,Siraspur,New Delhi,Delhi,India,110110
70,Amit,Choudhary,Male,amit@yahoo.com,9971888510,Siraspur,New Delhi,Delhi,India,110111
71,Amit,Choudhary,Male,amit@yahoo.com,9971888511,Siraspur,New Delhi,Delhi,India,110112
72,Amit,Choudhary,Male,amit@yahoo.com,9971888512,Siraspur,New Delhi,Delhi,India,110113
73,Amit,Choudhary,Male,amit@yahoo.com,9971888513,Siraspur,New Delhi,Delhi,India,110114
74,Amit,Choudhary,Male,amit@yahoo.com,9971888514,Siraspur,New Delhi,Delhi,India,110115
75,Amit,Choudhary,Male,amit@yahoo.com,9971888515,Siraspur,New Delhi,Delhi,India,110116
76,Amit,Choudhary,Male,amit@yahoo.com,9971888516,Siraspur,New Delhi,Delhi,India,110117
77,Amit,Choudhary,Male,amit@yahoo.com,9971888517,Siraspur,New Delhi,Delhi,India,110118
78,Amit,Choudhary,Male,amit@yahoo.com,9971888518,Siraspur,New Delhi,Delhi,India,110119
79,Amit,Choudhary,Male,amit@yahoo.com,9971888519,Siraspur,New Delhi,Delhi,India,110120
80,Amit,Choudhary,Male,amit@yahoo.com,9971888520,Siraspur,New Delhi,Delhi,India,110121
81,Amit,Choudhary,Male,amit@yahoo.com,9971888521,Siraspur,New Delhi,Delhi,India,110122
82,Amit,Choudhary,Male,amit@yahoo.com,9971888522,Siraspur,New Delhi,Delhi,India,110123
83,Amit,Choudhary,Male,amit@yahoo.com,9971888523,Siraspur,New Delhi,Delhi,India,110124
84,Amit,Choudhary,Male,amit@yahoo.com,9971888524,Siraspur,New Delhi,Delhi,India,110125
85,Amit,Choudhary,Male,amit@yahoo.com,9971888525,Siraspur,New Delhi,Delhi,India,110126
86,Amit,Choudhary,Male,amit@yahoo.com,9971888526,Siraspur,New Delhi,Delhi,India,110127
87,Amit,Choudhary,Male,amit@yahoo.com,9971888527,Siraspur,New Delhi,Delhi,India,110128
88,Amit,Choudhary,Male,amit@yahoo.com,9971888528,Siraspur,New Delhi,Delhi,India,110129
89,Amit,Choudhary,Male,amit@yahoo.com,9971888529,Siraspur,New Delhi,Delhi,India,110130
90,Amit,Choudhary,Male,amit@yahoo.com,9971888530,Siraspur,New Delhi,Delhi,India,110131
91,Amit,Choudhary,Male,amit@yahoo.com,9971888531,Siraspur,New Delhi,Delhi,India,110132
92,Amit,Choudhary,Male,amit@yahoo.com,9971888532,Siraspur,New Delhi,Delhi,India,110133
93,Amit,Choudhary,Male,amit@yahoo.com,9971888533,Siraspur,New Delhi,Delhi,India,110134
94,Amit,Choudhary,Male,amit@yahoo.com,9971888534,Siraspur,New Delhi,Delhi,India,110135
95,Amit,Choudhary,Male,amit@yahoo.com,9971888535,Siraspur,New Delhi,Delhi,India,110136
96,Amit,Choudhary,Male,amit@yahoo.com,9971888536,Siraspur,New Delhi,Delhi,India,110137
97,Amit,Choudhary,Male,amit@yahoo.com,9971888537,Siraspur,New Delhi,Delhi,India,110138
98,Amit,Choudhary,Male,amit@yahoo.com,9971888538,Siraspur,New Delhi,Delhi,India,110139
99,Amit,Choudhary,Male,amit@yahoo.com,9971888539,Siraspur,New Delhi,Delhi,India,110140
100,Amit,Choudhary,Male,amit@yahoo.com,9971888540,Siraspur,New Delhi,Delhi,India,110141
101,Amit,Choudhary,Male,amit@yahoo.com,9971888541,Siraspur,New Delhi,Delhi,India,110142
102,Amit,Choudhary,Male,amit@yahoo.com,9971888542,Siraspur,New Delhi,Delhi,India,110143
103,Amit,Choudhary,Male,amit@yahoo.com,9971888543,Siraspur,New Delhi,Delhi,India,110144
104,Amit,Choudhary,Male,amit@yahoo.com,9971888544,Siraspur,New Delhi,Delhi,India,110145
105,Amit,Choudhary,Male,amit@yahoo.com,9971888545,Siraspur,New Delhi,Delhi,India,110146
106,Amit,Choudhary,Male,amit@yahoo.com,9971888546,Siraspur,New Delhi,Delhi,India,110147
107,Amit,Choudhary,Male,amit@yahoo.com,9971888547,Siraspur,New Delhi,Delhi,India,110148
108,Amit,Choudhary,Male,amit@yahoo.com,9971888548,Siraspur,New Delhi,Delhi,India,110149
109,Amit,Choudhary,Male,amit@yahoo.com,9971888549,Siraspur,New Delhi,Delhi,India,110150
110,Amit,Choudhary,Male,amit@yahoo.com,9971888550,Siraspur,New Delhi,Delhi,India,110151
111,Amit,Choudhary,Male,amit@yahoo.com,9971888551,Siraspur,New Delhi,Delhi,India,110152
112,Amit,Choudhary,Male,amit@yahoo.com,9971888552,Siraspur,New Delhi,Delhi,India,110153
113,Amit,Choudhary,Male,amit@yahoo.com,9971888553,Siraspur,New Delhi,Delhi,India,110154
114,Amit,Choudhary,Male,amit@yahoo.com,9971888554,Siraspur,New Delhi,Delhi,India,110155
115,Amit,Choudhary,Male,amit@yahoo.com,9971888555,Siraspur,New Delhi,Delhi,India,110156
116,Amit,Choudhary,Male,amit@yahoo.com,9971888556,Siraspur,New Delhi,Delhi,India,110157
117,Amit,Choudhary,Male,amit@yahoo.com,9971888557,Siraspur,New Delhi,Delhi,India,110158
118,Amit,Choudhary,Male,amit@yahoo.com,9971888558,Siraspur,New Delhi,Delhi,India,110159
119,Amit,Choudhary,Male,amit@yahoo.com,9971888559,Siraspur,New Delhi,Delhi,India,110160
120,Amit,Choudhary,Male,amit@yahoo.com,9971888560,Siraspur,New Delhi,Delhi,India,110161
121,Amit,Choudhary,Male,amit@yahoo.com,9971888561,Siraspur,New Delhi,Delhi,India,110162
122,Amit,Choudhary,Male,amit@yahoo.com,9971888562,Siraspur,New Delhi,Delhi,India,110163
123,Amit,Choudhary,Male,amit@yahoo.com,9971888563,Siraspur,New Delhi,Delhi,India,110164
124,Amit,Choudhary,Male,amit@yahoo.com,9971888564,Siraspur,New Delhi,Delhi,India,110165
125,Amit,Choudhary,Male,amit@yahoo.com,9971888565,Siraspur,New Delhi,Delhi,India,110166
126,Amit,Choudhary,Male,amit@yahoo.com,9971888566,Siraspur,New Delhi,Delhi,India,110167
127,Amit,Choudhary,Male,amit@yahoo.com,9971888567,Siraspur,New Delhi,Delhi,India,110168
128,Amit,Choudhary,Male,amit@yahoo.com,9971888568,Siraspur,New Delhi,Delhi,India,110169
129,Amit,Choudhary,Male,amit@yahoo.com,9971888569,Siraspur,New Delhi,Delhi,India,110170
130,Amit,Choudhary,Male,amit@yahoo.com,9971888570,Siraspur,New Delhi,Delhi,India,110171
131,Amit,Choudhary,Male,amit@yahoo.com,9971888571,Siraspur,New Delhi,Delhi,India,110172
132,Amit,Choudhary,Male,amit@yahoo.com,9971888572,Siraspur,New Delhi,Delhi,India,110173
133,Amit,Choudhary,Male,amit@yahoo.com,9971888573,Siraspur,New Delhi,Delhi,India,110174
134,Amit,Choudhary,Male,amit@yahoo.com,9971888574,Siraspur,New Delhi,Delhi,India,110175
135,Amit,Choudhary,Male,amit@yahoo.com,9971888575,Siraspur,New Delhi,Delhi,India,110176
136,Amit,Choudhary,Male,amit@yahoo.com,9971888576,Siraspur,New Delhi,Delhi,India,110177
137,Amit,Choudhary,Male,amit@yahoo.com,9971888577,Siraspur,New Delhi,Delhi,India,110178
138,Amit,Choudhary,Male,amit@yahoo.com,9971888578,Siraspur,New Delhi,Delhi,India,110179
139,Amit,Choudhary,Male,amit@yahoo.com,9971888579,Siraspur,New Delhi,Delhi,India,110180
140,Amit,Choudhary,Male,amit@yahoo.com,9971888580,Siraspur,New Delhi,Delhi,India,110181
141,Amit,Choudhary,Male,amit@yahoo.com,9971888581,Siraspur,New Delhi,Delhi,India,110182
142,Amit,Choudhary,Male,amit@yahoo.com,9971888582,Siraspur,New Delhi,Delhi,India,110183
143,Amit,Choudhary,Male,amit@yahoo.com,9971888583,Siraspur,New Delhi,Delhi,India,110184
144,Amit,Choudhary,Male,amit@yahoo.com,9971888584,Siraspur,New Delhi,Delhi,India,110185
145,Amit,Choudhary,Male,amit@yahoo.com,9971888585,Siraspur,New Delhi,Delhi,India,110186
146,Amit,Choudhary,Male,amit@yahoo.com,9971888586,Siraspur,New Delhi,Delhi,India,110187
147,Amit,Choudhary,Male,amit@yahoo.com,9971888587,Siraspur,New Delhi,Delhi,India,110188
148,Amit,Choudhary,Male,amit@yahoo.com,9971888588,Siraspur,New Delhi,Delhi,India,110189
149,Amit,Choudhary,Male,amit@yahoo.com,9971888589,Siraspur,New Delhi,Delhi,India,110190
150,Amit,Choudhary,Male,amit@yahoo.com,9971888590,Siraspur,New Delhi,Delhi,India,110191
151,Amit,Choudhary,Male,amit@yahoo.com,9971888591,Siraspur,New Delhi,Delhi,India,110192
152,Amit,Choudhary,Male,amit@yahoo.com,9971888592,Siraspur,New Delhi,Delhi,India,110193
153,Amit,Choudhary,Male,amit@yahoo.com,9971888593,Siraspur,New Delhi,Delhi,India,110194
154,Amit,Choudhary,Male,amit@yahoo.com,9971888594,Siraspur,New Delhi,Delhi,India,110195
155,Amit,Choudhary,Male,amit@yahoo.com,9971888595,Siraspur,New Delhi,Delhi,India,110196
156,Amit,Choudhary,Male,amit@yahoo.com,9971888596,Siraspur,New Delhi,Delhi,India,110197
157,Amit,Choudhary,Male,amit@yahoo.com,9971888597,Siraspur,New Delhi,Delhi,India,110198
158,Amit,Choudhary,Male,amit@yahoo.com,9971888598,Siraspur,New Delhi,Delhi,India,110199
159,Amit,Choudhary,Male,amit@yahoo.com,9971888599,Siraspur,New Delhi,Delhi,India,110200
160,Amit,Choudhary,Male,amit@yahoo.com,9971888600,Siraspur,New Delhi,Delhi,India,110201
161,Amit,Choudhary,Male,amit@yahoo.com,9971888601,Siraspur,New Delhi,Delhi,India,110202
162,Amit,Choudhary,Male,amit@yahoo.com,9971888602,Siraspur,New Delhi,Delhi,India,110203
163,Amit,Choudhary,Male,amit@yahoo.com,9971888603,Siraspur,New Delhi,Delhi,India,110204
164,Amit,Choudhary,Male,amit@yahoo.com,9971888604,Siraspur,New Delhi,Delhi,India,110205
165,Amit,Choudhary,Male,amit@yahoo.com,9971888605,Siraspur,New Delhi,Delhi,India,110206
166,Amit,Choudhary,Male,amit@yahoo.com,9971888606,Siraspur,New Delhi,Delhi,India,110207
167,Amit,Choudhary,Male,amit@yahoo.com,9971888607,Siraspur,New Delhi,Delhi,India,110208
168,Amit,Choudhary,Male,amit@yahoo.com,9971888608,Siraspur,New Delhi,Delhi,India,110209
169,Amit,Choudhary,Male,amit@yahoo.com,9971888609,Siraspur,New Delhi,Delhi,India,110210
170,Amit,Choudhary,Male,amit@yahoo.com,9971888610,Siraspur,New Delhi,Delhi,India,110211
171,Amit,Choudhary,Male,amit@yahoo.com,9971888611,Siraspur,New Delhi,Delhi,India,110212
172,Amit,Choudhary,Male,amit@yahoo.com,9971888612,Siraspur,New Delhi,Delhi,India,110213
173,Amit,Choudhary,Male,amit@yahoo.com,9971888613,Siraspur,New Delhi,Delhi,India,110214
174,Amit,Choudhary,Male,amit@yahoo.com,9971888614,Siraspur,New Delhi,Delhi,India,110215
175,Amit,Choudhary,Male,amit@yahoo.com,9971888615,Siraspur,New Delhi,Delhi,India,110216
176,Amit,Choudhary,Male,amit@yahoo.com,9971888616,Siraspur,New Delhi,Delhi,India,110217
177,Amit,Choudhary,Male,amit@yahoo.com,9971888617,Siraspur,New Delhi,Delhi,India,110218
178,Amit,Choudhary,Male,amit@yahoo.com,9971888618,Siraspur,New Delhi,Delhi,India,110219
179,Amit,Choudhary,Male,amit@yahoo.com,9971888619,Siraspur,New Delhi,Delhi,India,110220
180,Amit,Choudhary,Male,amit@yahoo.com,9971888620,Siraspur,New Delhi,Delhi,India,110221
181,Amit,Choudhary,Male,amit@yahoo.com,9971888621,Siraspur,New Delhi,Delhi,India,110222
182,Amit,Choudhary,Male,amit@yahoo.com,9971888622,Siraspur,New Delhi,Delhi,India,110223
183,Amit,Choudhary,Male,amit@yahoo.com,9971888623,Siraspur,New Delhi,Delhi,India,110224
184,Amit,Choudhary,Male,amit@yahoo.com,9971888624,Siraspur,New Delhi,Delhi,India,110225
185,Amit,Choudhary,Male,amit@yahoo.com,9971888625,Siraspur,New Delhi,Delhi,India,110226
186,Amit,Choudhary,Male,amit@yahoo.com,9971888626,Siraspur,New Delhi,Delhi,India,110227
187,Amit,Choudhary,Male,amit@yahoo.com,9971888627,Siraspur,New Delhi,Delhi,India,110228
188,Amit,Choudhary,Male,amit@yahoo.com,9971888628,Siraspur,New Delhi,Delhi,India,110229
189,Amit,Choudhary,Male,amit@yahoo.com,9971888629,Siraspur,New Delhi,Delhi,India,110230
190,Amit,Choudhary,Male,amit@yahoo.com,9971888630,Siraspur,New Delhi,Delhi,India,110231
191,Amit,Choudhary,Male,amit@yahoo.com,9971888631,Siraspur,New Delhi,Delhi,India,110232
192,Amit,Choudhary,Male,amit@yahoo.com,9971888632,Siraspur,New Delhi,Delhi,India,110233
193,Amit,Choudhary,Male,amit@yahoo.com,9971888633,Siraspur,New Delhi,Delhi,India,110234
194,Amit,Choudhary,Male,amit@yahoo.com,9971888634,Siraspur,New Delhi,Delhi,India,110235
195,Amit,Choudhary,Male,amit@yahoo.com,9971888635,Siraspur,New Delhi,Delhi,India,110236
196,Amit,Choudhary,Male,amit@yahoo.com,9971888636,Siraspur,New Delhi,Delhi,India,110237
197,Amit,Choudhary,Male,amit@yahoo.com,9971888637,Siraspur,New Delhi,Delhi,India,110238
198,Amit,Choudhary,Male,amit@yahoo.com,9971888638,Siraspur,New Delhi,Delhi,India,110239
199,Amit,Choudhary,Male,amit@yahoo.com,9971888639,Siraspur,New Delhi,Delhi,India,110240
200,Amit,Choudhary,Male,amit@yahoo.com,9971888640,Siraspur,New Delhi,Delhi,India,110241
201,Amit,Choudhary,Male,amit@yahoo.com,9971888641,Siraspur,New Delhi,Delhi,India,110242
202,Amit,Choudhary,Male,amit@yahoo.com,9971888642,Siraspur,New Delhi,Delhi,India,110243
203,Amit,Choudhary,Male,amit@yahoo.com,9971888643,Siraspur,New Delhi,Delhi,India,110244
204,Amit,Choudhary,Male,amit@yahoo.com,9971888644,Siraspur,New Delhi,Delhi,India,110245
205,Amit,Choudhary,Male,amit@yahoo.com,9971888645,Siraspur,New Delhi,Delhi,India,110246
206,Amit,Choudhary,Male,amit@yahoo.com,9971888646,Siraspur,New Delhi,Delhi,India,110247
207,Amit,Choudhary,Male,amit@yahoo.com,9971888647,Siraspur,New Delhi,Delhi,India,110248
208,Amit,Choudhary,Male,amit@yahoo.com,9971888648,Siraspur,New Delhi,Delhi,India,110249
209,Amit,Choudhary,Male,amit@yahoo.com,9971888649,Siraspur,New Delhi,Delhi,India,110250
210,Amit,Choudhary,Male,amit@yahoo.com,9971888650,Siraspur,New Delhi,Delhi,India,110251
211,Amit,Choudhary,Male,amit@yahoo.com,9971888651,Siraspur,New Delhi,Delhi,India,110252
212,Amit,Choudhary,Male,amit@yahoo.com,9971888652,Siraspur,New Delhi,Delhi,India,110253
213,Amit,Choudhary,Male,amit@yahoo.com,9971888653,Siraspur,New Delhi,Delhi,India,110254
214,Amit,Choudhary,Male,amit@yahoo.com,9971888654,Siraspur,New Delhi,Delhi,India,110255
215,Amit,Choudhary,Male,amit@yahoo.com,9971888655,Siraspur,New Delhi,Delhi,India,110256
216,Amit,Choudhary,Male,amit@yahoo.com,9971888656,Siraspur,New Delhi,Delhi,India,110257
217,Amit,Choudhary,Male,amit@yahoo.com,9971888657,Siraspur,New Delhi,Delhi,India,110258
218,Amit,Choudhary,Male,amit@yahoo.com,9971888658,Siraspur,New Delhi,Delhi,India,110259
219,Amit,Choudhary,Male,amit@yahoo.com,9971888659,Siraspur,New Delhi,Delhi,India,110260
220,Amit,Choudhary,Male,amit@yahoo.com,9971888660,Siraspur,New Delhi,Delhi,India,110261
221,Amit,Choudhary,Male,amit@yahoo.com,9971888661,Siraspur,New Delhi,Delhi,India,110262
222,Amit,Choudhary,Male,amit@yahoo.com,9971888662,Siraspur,New Delhi,Delhi,India,110263
223,Amit,Choudhary,Male,amit@yahoo.com,9971888663,Siraspur,New Delhi,Delhi,India,110264
224,Amit,Choudhary,Male,amit@yahoo.com,9971888664,Siraspur,New Delhi,Delhi,India,110265
225,Amit,Choudhary,Male,amit@yahoo.com,9971888665,Siraspur,New Delhi,Delhi,India,110266
226,Amit,Choudhary,Male,amit@yahoo.com,9971888666,Siraspur,New Delhi,Delhi,India,110267
227,Amit,Choudhary,Male,amit@yahoo.com,9971888667,Siraspur,New Delhi,Delhi,India,110268
228,Amit,Choudhary,Male,amit@yahoo.com,9971888668,Siraspur,New Delhi,Delhi,India,110269
229,Amit,Choudhary,Male,amit@yahoo.com,9971888669,Siraspur,New Delhi,Delhi,India,110270
230,Amit,Choudhary,Male,amit@yahoo.com,9971888670,Siraspur,New Delhi,Delhi,India,110271
231,Amit,Choudhary,Male,amit@yahoo.com,9971888671,Siraspur,New Delhi,Delhi,India,110272
232,Amit,Choudhary,Male,amit@yahoo.com,9971888672,Siraspur,New Delhi,Delhi,India,110273
233,Amit,Choudhary,Male,amit@yahoo.com,9971888673,Siraspur,New Delhi,Delhi,India,110274
234,Amit,Choudhary,Male,amit@yahoo.com,9971888674,Siraspur,New Delhi,Delhi,India,110275
235,Amit,Choudhary,Male,amit@yahoo.com,9971888675,Siraspur,New Delhi,Delhi,India,110276
236,Amit,Choudhary,Male,amit@yahoo.com,9971888676,Siraspur,New Delhi,Delhi,India,110277
237,Amit,Choudhary,Male,amit@yahoo.com,9971888677,Siraspur,New Delhi,Delhi,India,110278
238,Amit,Choudhary,Male,amit@yahoo.com,9971888678,Siraspur,New Delhi,Delhi,India,110279
239,Amit,Choudhary,Male,amit@yahoo.com,9971888679,Siraspur,New Delhi,Delhi,India,110280
240,Amit,Choudhary,Male,amit@yahoo.com,9971888680,Siraspur,New Delhi,Delhi,India,110281
241,Amit,Choudhary,Male,amit@yahoo.com,9971888681,Siraspur,New Delhi,Delhi,India,110282
242,Amit,Choudhary,Male,amit@yahoo.com,9971888682,Siraspur,New Delhi,Delhi,India,110283
243,Amit,Choudhary,Male,amit@yahoo.com,9971888683,Siraspur,New Delhi,Delhi,India,110284
244,Amit,Choudhary,Male,amit@yahoo.com,9971888684,Siraspur,New Delhi,Delhi,India,110285
245,Amit,Choudhary,Male,amit@yahoo.com,9971888685,Siraspur,New Delhi,Delhi,India,110286
246,Amit,Choudhary,Male,amit@yahoo.com,9971888686,Siraspur,New Delhi,Delhi,India,110287
247,Amit,Choudhary,Male,amit@yahoo.com,9971888687,Siraspur,New Delhi,Delhi,India,110288
248,Amit,Choudhary,Male,amit@yahoo.com,9971888688,Siraspur,New Delhi,Delhi,India,110289
249,Amit,Choudhary,Male,amit@yahoo.com,9971888689,Siraspur,New Delhi,Delhi,India,110290
250,Amit,Choudhary,Male,amit@yahoo.com,9971888690,Siraspur,New Delhi,Delhi,India,110291
251,Amit,Choudhary,Male,amit@yahoo.com,9971888691,Siraspur,New Delhi,Delhi,India,110292
252,Amit,Choudhary,Male,amit@yahoo.com,9971888692,Siraspur,New Delhi,Delhi,India,110293
253,Amit,Choudhary,Male,amit@yahoo.com,9971888693,Siraspur,New Delhi,Delhi,India,110294
254,Amit,Choudhary,Male,amit@yahoo.com,9971888694,Siraspur,New Delhi,Delhi,India,110295
255,Amit,Choudhary,Male,amit@yahoo.com,9971888695,Siraspur,New Delhi,Delhi,India,110296
256,Amit,Choudhary,Male,amit@yahoo.com,9971888696,Siraspur,New Delhi,Delhi,India,110297
257,Amit,Choudhary,Male,amit@yahoo.com,9971888697,Siraspur,New Delhi,Delhi,India,110298
258,Amit,Choudhary,Male,amit@yahoo.com,9971888698,Siraspur,New Delhi,Delhi,India,110299
259,Amit,Choudhary,Male,amit@yahoo.com,9971888699,Siraspur,New Delhi,Delhi,India,110300
260,Amit,Choudhary,Male,amit@yahoo.com,9971888700,Siraspur,New Delhi,Delhi,India,110301
261,Amit,Choudhary,Male,amit@yahoo.com,9971888701,Siraspur,New Delhi,Delhi,India,110302
262,Amit,Choudhary,Male,amit@yahoo.com,9971888702,Siraspur,New Delhi,Delhi,India,110303
263,Amit,Choudhary,Male,amit@yahoo.com,9971888703,Siraspur,New Delhi,Delhi,India,110304
264,Amit,Choudhary,Male,amit@yahoo.com,9971888704,Siraspur,New Delhi,Delhi,India,110305
265,Amit,Choudhary,Male,amit@yahoo.com,9971888705,Siraspur,New Delhi,Delhi,India,110306
266,Amit,Choudhary,Male,amit@yahoo.com,9971888706,Siraspur,New Delhi,Delhi,India,110307
267,Amit,Choudhary,Male,amit@yahoo.com,9971888707,Siraspur,New Delhi,Delhi,India,110308
268,Amit,Choudhary,Male,amit@yahoo.com,9971888708,Siraspur,New Delhi,Delhi,India,110309
269,Amit,Choudhary,Male,amit@yahoo.com,9971888709,Siraspur,New Delhi,Delhi,India,110310
270,Amit,Choudhary,Male,amit@yahoo.com,9971888710,Siraspur,New Delhi,Delhi,India,110311
271,Amit,Choudhary,Male,amit@yahoo.com,9971888711,Siraspur,New Delhi,Delhi,India,110312
272,Amit,Choudhary,Male,amit@yahoo.com,9971888712,Siraspur,New Delhi,Delhi,India,110313
273,Amit,Choudhary,Male,amit@yahoo.com,9971888713,Siraspur,New Delhi,Delhi,India,110314
274,Amit,Choudhary,Male,amit@yahoo.com,9971888714,Siraspur,New Delhi,Delhi,India,110315
275,Amit,Choudhary,Male,amit@yahoo.com,9971888715,Siraspur,New Delhi,Delhi,India,110316
276,Amit,Choudhary,Male,amit@yahoo.com,9971888716,Siraspur,New Delhi,Delhi,India,110317
277,Amit,Choudhary,Male,amit@yahoo.com,9971888717,Siraspur,New Delhi,Delhi,India,110318
278,Amit,Choudhary,Male,amit@yahoo.com,9971888718,Siraspur,New Delhi,Delhi,India,110319
279,Amit,Choudhary,Male,amit@yahoo.com,9971888719,Siraspur,New Delhi,Delhi,India,110320
280,Amit,Choudhary,Male,amit@yahoo.com,9971888720,Siraspur,New Delhi,Delhi,India,110321
281,Amit,Choudhary,Male,amit@yahoo.com,9971888721,Siraspur,New Delhi,Delhi,India,110322
282,Amit,Choudhary,Male,amit@yahoo.com,9971888722,Siraspur,New Delhi,Delhi,India,110323
283,Amit,Choudhary,Male,amit@yahoo.com,9971888723,Siraspur,New Delhi,Delhi,India,110324
284,Amit,Choudhary,Male,amit@yahoo.com,9971888724,Siraspur,New Delhi,Delhi,India,110325
285,Amit,Choudhary,Male,amit@yahoo.com,9971888725,Siraspur,New Delhi,Delhi,India,110326
286,Amit,Choudhary,Male,amit@yahoo.com,9971888726,Siraspur,New Delhi,Delhi,India,110327
287,Amit,Choudhary,Male,amit@yahoo.com,9971888727,Siraspur,New Delhi,Delhi,India,110328
288,Amit,Choudhary,Male,amit@yahoo.com,9971888728,Siraspur,New Delhi,Delhi,India,110329
289,Amit,Choudhary,Male,amit@yahoo.com,9971888729,Siraspur,New Delhi,Delhi,India,110330
290,Amit,Choudhary,Male,amit@yahoo.com,9971888730,Siraspur,New Delhi,Delhi,India,110331
291,Amit,Choudhary,Male,amit@yahoo.com,9971888731,Siraspur,New Delhi,Delhi,India,110332
292,Amit,Choudhary,Male,amit@yahoo.com,9971888732,Siraspur,New Delhi,Delhi,India,110333
293,Amit,Choudhary,Male,amit@yahoo.com,9971888733,Siraspur,New Delhi,Delhi,India,110334
294,Amit,Choudhary,Male,amit@yahoo.com,9971888734,Siraspur,New Delhi,Delhi,India,110335
295,Amit,Choudhary,Male,amit@yahoo.com,9971888735,Siraspur,New Delhi,Delhi,India,110336
296,Amit,Choudhary,Male,amit@yahoo.com,9971888736,Siraspur,New Delhi,Delhi,India,110337
297,Amit,Choudhary,Male,amit@yahoo.com,9971888737,Siraspur,New Delhi,Delhi,India,110338
298,Amit,Choudhary,Male,amit@yahoo.com,9971888738,Siraspur,New Delhi,Delhi,India,110339
299,Amit,Choudhary,Male,amit@yahoo.com,9971888739,Siraspur,New Delhi,Delhi,India,110340
300,Amit,Choudhary,Male,amit@yahoo.com,9971888740,Siraspur,New Delhi,Delhi,India,110341
301,Amit,Choudhary,Male,amit@yahoo.com,9971888741,Siraspur,New Delhi,Delhi,India,110342
302,Amit,Choudhary,Male,amit@yahoo.com,9971888742,Siraspur,New Delhi,Delhi,India,110343
303,Amit,Choudhary,Male,amit@yahoo.com,9971888743,Siraspur,New Delhi,Delhi,India,110344
304,Amit,Choudhary,Male,amit@yahoo.com,9971888744,Siraspur,New Delhi,Delhi,India,110345
305,Amit,Choudhary,Male,amit@yahoo.com,9971888745,Siraspur,New Delhi,Delhi,India,110346
306,Amit,Choudhary,Male,amit@yahoo.com,9971888746,Siraspur,New Delhi,Delhi,India,110347
307,Amit,Choudhary,Male,amit@yahoo.com,9971888747,Siraspur,New Delhi,Delhi,India,110348
308,Amit,Choudhary,Male,amit@yahoo.com,9971888748,Siraspur,New Delhi,Delhi,India,110349
309,Amit,Choudhary,Male,amit@yahoo.com,9971888749,Siraspur,New Delhi,Delhi,India,110350
310,Amit,Choudhary,Male,amit@yahoo.com,9971888750,Siraspur,New Delhi,Delhi,India,110351
311,Amit,Choudhary,Male,amit@yahoo.com,9971888751,Siraspur,New Delhi,Delhi,India,110352
312,Amit,Choudhary,Male,amit@yahoo.com,9971888752,Siraspur,New Delhi,Delhi,India,110353
313,Amit,Choudhary,Male,amit@yahoo.com,9971888753,Siraspur,New Delhi,Delhi,India,110354
314,Amit,Choudhary,Male,amit@yahoo.com,9971888754,Siraspur,New Delhi,Delhi,India,110355
315,Amit,Choudhary,Male,amit@yahoo.com,9971888755,Siraspur,New Delhi,Delhi,India,110356
316,Amit,Choudhary,Male,amit@yahoo.com,9971888756,Siraspur,New Delhi,Delhi,India,110357
317,Amit,Choudhary,Male,amit@yahoo.com,9971888757,Siraspur,New Delhi,Delhi,India,110358
318,Amit,Choudhary,Male,amit@yahoo.com,9971888758,Siraspur,New Delhi,Delhi,India,110359
319,Amit,Choudhary,Male,amit@yahoo.com,9971888759,Siraspur,New Delhi,Delhi,India,110360
320,Amit,Choudhary,Male,amit@yahoo.com,9971888760,Siraspur,New Delhi,Delhi,India,110361
321,Amit,Choudhary,Male,amit@yahoo.com,9971888761,Siraspur,New Delhi,Delhi,India,110362
322,Amit,Choudhary,Male,amit@yahoo.com,9971888762,Siraspur,New Delhi,Delhi,India,110363
323,Amit,Choudhary,Male,amit@yahoo.com,9971888763,Siraspur,New Delhi,Delhi,India,110364
324,Amit,Choudhary,Male,amit@yahoo.com,9971888764,Siraspur,New Delhi,Delhi,India,110365
325,Amit,Choudhary,Male,amit@yahoo.com,9971888765,Siraspur,New Delhi,Delhi,India,110366
326,Amit,Choudhary,Male,amit@yahoo.com,9971888766,Siraspur,New Delhi,Delhi,India,110367
327,Amit,Choudhary,Male,amit@yahoo.com,9971888767,Siraspur,New Delhi,Delhi,India,110368
328,Amit,Choudhary,Male,amit@yahoo.com,9971888768,Siraspur,New Delhi,Delhi,India,110369
329,Amit,Choudhary,Male,amit@yahoo.com,9971888769,Siraspur,New Delhi,Delhi,India,110370
330,Amit,Choudhary,Male,amit@yahoo.com,9971888770,Siraspur,New Delhi,Delhi,India,110371
331,Amit,Choudhary,Male,amit@yahoo.com,9971888771,Siraspur,New Delhi,Delhi,India,110372
332,Amit,Choudhary,Male,amit@yahoo.com,9971888772,Siraspur,New Delhi,Delhi,India,110373
333,Amit,Choudhary,Male,amit@yahoo.com,9971888773,Siraspur,New Delhi,Delhi,India,110374
334,Amit,Choudhary,Male,amit@yahoo.com,9971888774,Siraspur,New Delhi,Delhi,India,110375
335,Amit,Choudhary,Male,amit@yahoo.com,9971888775,Siraspur,New Delhi,Delhi,India,110376
336,Amit,Choudhary,Male,amit@yahoo.com,9971888776,Siraspur,New Delhi,Delhi,India,110377
337,Amit,Choudhary,Male,amit@yahoo.com,9971888777,Siraspur,New Delhi,Delhi,India,110378
338,Amit,Choudhary,Male,amit@yahoo.com,9971888778,Siraspur,New Delhi,Delhi,India,110379
339,Amit,Choudhary,Male,amit@yahoo.com,9971888779,Siraspur,New Delhi,Delhi,India,110380
340,Amit,Choudhary,Male,amit@yahoo.com,9971888780,Siraspur,New Delhi,Delhi,India,110381
341,Amit,Choudhary,Male,amit@yahoo.com,9971888781,Siraspur,New Delhi,Delhi,India,110382
342,Amit,Choudhary,Male,amit@yahoo.com,9971888782,Siraspur,New Delhi,Delhi,India,110383
343,Amit,Choudhary,Male,amit@yahoo.com,9971888783,Siraspur,New Delhi,Delhi,India,110384
344,Amit,Choudhary,Male,amit@yahoo.com,9971888784,Siraspur,New Delhi,Delhi,India,110385
345,Amit,Choudhary,Male,amit@yahoo.com,9971888785,Siraspur,New Delhi,Delhi,India,110386
346,Amit,Choudhary,Male,amit@yahoo.com,9971888786,Siraspur,New Delhi,Delhi,India,110387
347,Amit,Choudhary,Male,amit@yahoo.com,9971888787,Siraspur,New Delhi,Delhi,India,110388
348,Amit,Choudhary,Male,amit@yahoo.com,9971888788,Siraspur,New Delhi,Delhi,India,110389
349,Amit,Choudhary,Male,amit@yahoo.com,9971888789,Siraspur,New Delhi,Delhi,India,110390
350,Amit,Choudhary,Male,amit@yahoo.com,9971888790,Siraspur,New Delhi,Delhi,India,110391
351,Amit,Choudhary,Male,amit@yahoo.com,9971888791,Siraspur,New Delhi,Delhi,India,110392
352,Amit,Choudhary,Male,amit@yahoo.com,9971888792,Siraspur,New Delhi,Delhi,India,110393
353,Amit,Choudhary,Male,amit@yahoo.com,9971888793,Siraspur,New Delhi,Delhi,India,110394
354,Amit,Choudhary,Male,amit@yahoo.com,9971888794,Siraspur,New Delhi,Delhi,India,110395
355,Amit,Choudhary,Male,amit@yahoo.com,9971888795,Siraspur,New Delhi,Delhi,India,110396
356,Amit,Choudhary,Male,amit@yahoo.com,9971888796,Siraspur,New Delhi,Delhi,India,110397
357,Amit,Choudhary,Male,amit@yahoo.com,9971888797,Siraspur,New Delhi,Delhi,India,110398
358,Amit,Choudhary,Male,amit@yahoo.com,9971888798,Siraspur,New Delhi,Delhi,India,110399
359,Amit,Choudhary,Male,amit@yahoo.com,9971888799,Siraspur,New Delhi,Delhi,India,110400
360,Amit,Choudhary,Male,amit@yahoo.com,9971888800,Siraspur,New Delhi,Delhi,India,110401
361,Amit,Choudhary,Male,amit@yahoo.com,9971888801,Siraspur,New Delhi,Delhi,India,110402
362,Amit,Choudhary,Male,amit@yahoo.com,9971888802,Siraspur,New Delhi,Delhi,India,110403
363,Amit,Choudhary,Male,amit@yahoo.com,9971888803,Siraspur,New Delhi,Delhi,India,110404
364,Amit,Choudhary,Male,amit@yahoo.com,9971888804,Siraspur,New Delhi,Delhi,India,110405
365,Amit,Choudhary,Male,amit@yahoo.com,9971888805,Siraspur,New Delhi,Delhi,India,110406
366,Amit,Choudhary,Male,amit@yahoo.com,9971888806,Siraspur,New Delhi,Delhi,India,110407
367,Amit,Choudhary,Male,amit@yahoo.com,9971888807,Siraspur,New Delhi,Delhi,India,110408
368,Amit,Choudhary,Male,amit@yahoo.com,9971888808,Siraspur,New Delhi,Delhi,India,110409
369,Amit,Choudhary,Male,amit@yahoo.com,9971888809,Siraspur,New Delhi,Delhi,India,110410
370,Amit,Choudhary,Male,amit@yahoo.com,9971888810,Siraspur,New Delhi,Delhi,India,110411
371,Amit,Choudhary,Male,amit@yahoo.com,9971888811,Siraspur,New Delhi,Delhi,India,110412
372,Amit,Choudhary,Male,amit@yahoo.com,9971888812,Siraspur,New Delhi,Delhi,India,110413
373,Amit,Choudhary,Male,amit@yahoo.com,9971888813,Siraspur,New Delhi,Delhi,India,110414
374,Amit,Choudhary,Male,amit@yahoo.com,9971888814,Siraspur,New Delhi,Delhi,India,110415
375,Amit,Choudhary,Male,amit@yahoo.com,9971888815,Siraspur,New Delhi,Delhi,India,110416
376,Amit,Choudhary,Male,amit@yahoo.com,9971888816,Siraspur,New Delhi,Delhi,India,110417
377,Amit,Choudhary,Male,amit@yahoo.com,9971888817,Siraspur,New Delhi,Delhi,India,110418
378,Amit,Choudhary,Male,amit@yahoo.com,9971888818,Siraspur,New Delhi,Delhi,India,110419
379,Amit,Choudhary,Male,amit@yahoo.com,9971888819,Siraspur,New Delhi,Delhi,India,110420
380,Amit,Choudhary,Male,amit@yahoo.com,9971888820,Siraspur,New Delhi,Delhi,India,110421
381,Amit,Choudhary,Male,amit@yahoo.com,9971888821,Siraspur,New Delhi,Delhi,India,110422
382,Amit,Choudhary,Male,amit@yahoo.com,9971888822,Siraspur,New Delhi,Delhi,India,110423
383,Amit,Choudhary,Male,amit@yahoo.com,9971888823,Siraspur,New Delhi,Delhi,India,110424
384,Amit,Choudhary,Male,amit@yahoo.com,9971888824,Siraspur,New Delhi,Delhi,India,110425
385,Amit,Choudhary,Male,amit@yahoo.com,9971888825,Siraspur,New Delhi,Delhi,India,110426
386,Amit,Choudhary,Male,amit@yahoo.com,9971888826,Siraspur,New Delhi,Delhi,India,110427
387,Amit,Choudhary,Male,amit@yahoo.com,9971888827,Siraspur,New Delhi,Delhi,India,110428
388,Amit,Choudhary,Male,amit@yahoo.com,9971888828,Siraspur,New Delhi,Delhi,India,110429
389,Amit,Choudhary,Male,amit@yahoo.com,9971888829,Siraspur,New Delhi,Delhi,India,110430
390,Amit,Choudhary,Male,amit@yahoo.com,9971888830,Siraspur,New Delhi,Delhi,India,110431
391,Amit,Choudhary,Male,amit@yahoo.com,9971888831,Siraspur,New Delhi,Delhi,India,110432
392,Amit,Choudhary,Male,amit@yahoo.com,9971888832,Siraspur,New Delhi,Delhi,India,110433
393,Amit,Choudhary,Male,amit@yahoo.com,9971888833,Siraspur,New Delhi,Delhi,India,110434
394,Amit,Choudhary,Male,amit@yahoo.com,9971888834,Siraspur,New Delhi,Delhi,India,110435
395,Amit,Choudhary,Male,amit@yahoo.com,9971888835,Siraspur,New Delhi,Delhi,India,110436
396,Amit,Choudhary,Male,amit@yahoo.com,9971888836,Siraspur,New Delhi,Delhi,India,110437
397,Amit,Choudhary,Male,amit@yahoo.com,9971888837,Siraspur,New Delhi,Delhi,India,110438
398,Amit,Choudhary,Male,amit@yahoo.com,9971888838,Siraspur,New Delhi,Delhi,India,110439
399,Amit,Choudhary,Male,amit@yahoo.com,9971888839,Siraspur,New Delhi,Delhi,India,110440
400,Amit,Choudhary,Male,amit@yahoo.com,9971888840,Siraspur,New Delhi,Delhi,India,110441
401,Amit,Choudhary,Male,amit@yahoo.com,9971888841,Siraspur,New Delhi,Delhi,India,110442
402,Amit,Choudhary,Male,amit@yahoo.com,9971888842,Siraspur,New Delhi,Delhi,India,110443
403,Amit,Choudhary,Male,amit@yahoo.com,9971888843,Siraspur,New Delhi,Delhi,India,110444
404,Amit,Choudhary,Male,amit@yahoo.com,9971888844,Siraspur,New Delhi,Delhi,India,110445
405,Amit,Choudhary,Male,amit@yahoo.com,9971888845,Siraspur,New Delhi,Delhi,India,110446
406,Amit,Choudhary,Male,amit@yahoo.com,9971888846,Siraspur,New Delhi,Delhi,India,110447
407,Amit,Choudhary,Male,amit@yahoo.com,9971888847,Siraspur,New Delhi,Delhi,India,110448
408,Amit,Choudhary,Male,amit@yahoo.com,9971888848,Siraspur,New Delhi,Delhi,India,110449
409,Amit,Choudhary,Male,amit@yahoo.com,9971888849,Siraspur,New Delhi,Delhi,India,110450
410,Amit,Choudhary,Male,amit@yahoo.com,9971888850,Siraspur,New Delhi,Delhi,India,110451
411,Amit,Choudhary,Male,amit@yahoo.com,9971888851,Siraspur,New Delhi,Delhi,India,110452
412,Amit,Choudhary,Male,amit@yahoo.com,9971888852,Siraspur,New Delhi,Delhi,India,110453
413,Amit,Choudhary,Male,amit@yahoo.com,9971888853,Siraspur,New Delhi,Delhi,India,110454
414,Amit,Choudhary,Male,amit@yahoo.com,9971888854,Siraspur,New Delhi,Delhi,India,110455
415,Amit,Choudhary,Male,amit@yahoo.com,9971888855,Siraspur,New Delhi,Delhi,India,110456
416,Amit,Choudhary,Male,amit@yahoo.com,9971888856,Siraspur,New Delhi,Delhi,India,110457
417,Amit,Choudhary,Male,amit@yahoo.com,9971888857,Siraspur,New Delhi,Delhi,India,110458
418,Amit,Choudhary,Male,amit@yahoo.com,9971888858,Siraspur,New Delhi,Delhi,India,110459
419,Amit,Choudhary,Male,amit@yahoo.com,9971888859,Siraspur,New Delhi,Delhi,India,110460
420,Amit,Choudhary,Male,amit@yahoo.com,9971888860,Siraspur,New Delhi,Delhi,India,110461
421,Amit,Choudhary,Male,amit@yahoo.com,9971888861,Siraspur,New Delhi,Delhi,India,110462
422,Amit,Choudhary,Male,amit@yahoo.com,9971888862,Siraspur,New Delhi,Delhi,India,110463
423,Amit,Choudhary,Male,amit@yahoo.com,9971888863,Siraspur,New Delhi,Delhi,India,110464
424,Amit,Choudhary,Male,amit@yahoo.com,9971888864,Siraspur,New Delhi,Delhi,India,110465
425,Amit,Choudhary,Male,amit@yahoo.com,9971888865,Siraspur,New Delhi,Delhi,India,110466
426,Amit,Choudhary,Male,amit@yahoo.com,9971888866,Siraspur,New Delhi,Delhi,India,110467
427,Amit,Choudhary,Male,amit@yahoo.com,9971888867,Siraspur,New Delhi,Delhi,India,110468
428,Amit,Choudhary,Male,amit@yahoo.com,9971888868,Siraspur,New Delhi,Delhi,India,110469
429,Amit,Choudhary,Male,amit@yahoo.com,9971888869,Siraspur,New Delhi,Delhi,India,110470
430,Amit,Choudhary,Male,amit@yahoo.com,9971888870,Siraspur,New Delhi,Delhi,India,110471
431,Amit,Choudhary,Male,amit@yahoo.com,9971888871,Siraspur,New Delhi,Delhi,India,110472
432,Amit,Choudhary,Male,amit@yahoo.com,9971888872,Siraspur,New Delhi,Delhi,India,110473
433,Amit,Choudhary,Male,amit@yahoo.com,9971888873,Siraspur,New Delhi,Delhi,India,110474
434,Amit,Choudhary,Male,amit@yahoo.com,9971888874,Siraspur,New Delhi,Delhi,India,110475
435,Amit,Choudhary,Male,amit@yahoo.com,9971888875,Siraspur,New Delhi,Delhi,India,110476
436,Amit,Choudhary,Male,amit@yahoo.com,9971888876,Siraspur,New Delhi,Delhi,India,110477
437,Amit,Choudhary,Male,amit@yahoo.com,9971888877,Siraspur,New Delhi,Delhi,India,110478
438,Amit,Choudhary,Male,amit@yahoo.com,9971888878,Siraspur,New Delhi,Delhi,India,110479
439,Amit,Choudhary,Male,amit@yahoo.com,9971888879,Siraspur,New Delhi,Delhi,India,110480
440,Amit,Choudhary,Male,amit@yahoo.com,9971888880,Siraspur,New Delhi,Delhi,India,110481
441,Amit,Choudhary,Male,amit@yahoo.com,9971888881,Siraspur,New Delhi,Delhi,India,110482
442,Amit,Choudhary,Male,amit@yahoo.com,9971888882,Siraspur,New Delhi,Delhi,India,110483
443,Amit,Choudhary,Male,amit@yahoo.com,9971888883,Siraspur,New Delhi,Delhi,India,110484
444,Amit,Choudhary,Male,amit@yahoo.com,9971888884,Siraspur,New Delhi,Delhi,India,110485
445,Amit,Choudhary,Male,amit@yahoo.com,9971888885,Siraspur,New Delhi,Delhi,India,110486
446,Amit,Choudhary,Male,amit@yahoo.com,9971888886,Siraspur,New Delhi,Delhi,India,110487
447,Amit,Choudhary,Male,amit@yahoo.com,9971888887,Siraspur,New Delhi,Delhi,India,110488
448,Amit,Choudhary,Male,amit@yahoo.com,9971888888,Siraspur,New Delhi,Delhi,India,110489
449,Amit,Choudhary,Male,amit@yahoo.com,9971888889,Siraspur,New Delhi,Delhi,India,110490
450,Amit,Choudhary,Male,amit@yahoo.com,9971888890,Siraspur,New Delhi,Delhi,India,110491
451,Amit,Choudhary,Male,amit@yahoo.com,9971888891,Siraspur,New Delhi,Delhi,India,110492
452,Amit,Choudhary,Male,amit@yahoo.com,9971888892,Siraspur,New Delhi,Delhi,India,110493
453,Amit,Choudhary,Male,amit@yahoo.com,9971888893,Siraspur,New Delhi,Delhi,India,110494
454,Amit,Choudhary,Male,amit@yahoo.com,9971888894,Siraspur,New Delhi,Delhi,India,110495
455,Amit,Choudhary,Male,amit@yahoo.com,9971888895,Siraspur,New Delhi,Delhi,India,110496
456,Amit,Choudhary,Male,amit@yahoo.com,9971888896,Siraspur,New Delhi,Delhi,India,110497
457,Amit,Choudhary,Male,amit@yahoo.com,9971888897,Siraspur,New Delhi,Delhi,India,110498
458,Amit,Choudhary,Male,amit@yahoo.com,9971888898,Siraspur,New Delhi,Delhi,India,110499
459,Amit,Choudhary,Male,amit@yahoo.com,9971888899,Siraspur,New Delhi,Delhi,India,110500
460,Amit,Choudhary,Male,amit@yahoo.com,9971888900,Siraspur,New Delhi,Delhi,India,110501
461,Amit,Choudhary,Male,amit@yahoo.com,9971888901,Siraspur,New Delhi,Delhi,India,110502
462,Amit,Choudhary,Male,amit@yahoo.com,9971888902,Siraspur,New Delhi,Delhi,India,110503
463,Amit,Choudhary,Male,amit@yahoo.com,9971888903,Siraspur,New Delhi,Delhi,India,110504
464,Amit,Choudhary,Male,amit@yahoo.com,9971888904,Siraspur,New Delhi,Delhi,India,110505
465,Amit,Choudhary,Male,amit@yahoo.com,9971888905,Siraspur,New Delhi,Delhi,India,110506
466,Amit,Choudhary,Male,amit@yahoo.com,9971888906,Siraspur,New Delhi,Delhi,India,110507
467,Amit,Choudhary,Male,amit@yahoo.com,9971888907,Siraspur,New Delhi,Delhi,India,110508
468,Amit,Choudhary,Male,amit@yahoo.com,9971888908,Siraspur,New Delhi,Delhi,India,110509
469,Amit,Choudhary,Male,amit@yahoo.com,9971888909,Siraspur,New Delhi,Delhi,India,110510
470,Amit,Choudhary,Male,amit@yahoo.com,9971888910,Siraspur,New Delhi,Delhi,India,110511
471,Amit,Choudhary,Male,amit@yahoo.com,9971888911,Siraspur,New Delhi,Delhi,India,110512
472,Amit,Choudhary,Male,amit@yahoo.com,9971888912,Siraspur,New Delhi,Delhi,India,110513
473,Amit,Choudhary,Male,amit@yahoo.com,9971888913,Siraspur,New Delhi,Delhi,India,110514
474,Amit,Choudhary,Male,amit@yahoo.com,9971888914,Siraspur,New Delhi,Delhi,India,110515
475,Amit,Choudhary,Male,amit@yahoo.com,9971888915,Siraspur,New Delhi,Delhi,India,110516
476,Amit,Choudhary,Male,amit@yahoo.com,9971888916,Siraspur,New Delhi,Delhi,India,110517
477,Amit,Choudhary,Male,amit@yahoo.com,9971888917,Siraspur,New Delhi,Delhi,India,110518
478,Amit,Choudhary,Male,amit@yahoo.com,9971888918,Siraspur,New Delhi,Delhi,India,110519
479,Amit,Choudhary,Male,amit@yahoo.com,9971888919,Siraspur,New Delhi,Delhi,India,110520
480,Amit,Choudhary,Male,amit@yahoo.com,9971888920,Siraspur,New Delhi,Delhi,India,110521
481,Amit,Choudhary,Male,amit@yahoo.com,9971888921,Siraspur,New Delhi,Delhi,India,110522
482,Amit,Choudhary,Male,amit@yahoo.com,9971888922,Siraspur,New Delhi,Delhi,India,110523
483,Amit,Choudhary,Male,amit@yahoo.com,9971888923,Siraspur,New Delhi,Delhi,India,110524
484,Amit,Choudhary,Male,amit@yahoo.com,9971888924,Siraspur,New Delhi,Delhi,India,110525
485,Amit,Choudhary,Male,amit@yahoo.com,9971888925,Siraspur,New Delhi,Delhi,India,110526
486,Amit,Choudhary,Male,amit@yahoo.com,9971888926,Siraspur,New Delhi,Delhi,India,110527
487,Amit,Choudhary,Male,amit@yahoo.com,9971888927,Siraspur,New Delhi,Delhi,India,110528
488,Amit,Choudhary,Male,amit@yahoo.com,9971888928,Siraspur,New Delhi,Delhi,India,110529
489,Amit,Choudhary,Male,amit@yahoo.com,9971888929,Siraspur,New Delhi,Delhi,India,110530
490,Amit,Choudhary,Male,amit@yahoo.com,9971888930,Siraspur,New Delhi,Delhi,India,110531
491,Amit,Choudhary,Male,amit@yahoo.com,9971888931,Siraspur,New Delhi,Delhi,India,110532
492,Amit,Choudhary,Male,amit@yahoo.com,9971888932,Siraspur,New Delhi,Delhi,India,110533
493,Amit,Choudhary,Male,amit@yahoo.com,9971888933,Siraspur,New Delhi,Delhi,India,110534
494,Amit,Choudhary,Male,amit@yahoo.com,9971888934,Siraspur,New Delhi,Delhi,India,110535
495,Amit,Choudhary,Male,amit@yahoo.com,9971888935,Siraspur,New Delhi,Delhi,India,110536
496,Amit,Choudhary,Male,amit@yahoo.com,9971888936,Siraspur,New Delhi,Delhi,India,110537
497,Amit,Choudhary,Male,amit@yahoo.com,9971888937,Siraspur,New Delhi,Delhi,India,110538
498,Amit,Choudhary,Male,amit@yahoo.com,9971888938,Siraspur,New Delhi,Delhi,India,110539
499,Amit,Choudhary,Male,amit@yahoo.com,9971888939,Siraspur,New Delhi,Delhi,India,110540
500,Amit,Choudhary,Male,amit@yahoo.com,9971888940,Siraspur,New Delhi,Delhi,India,110541
501,Amit,Choudhary,Male,amit@yahoo.com,9971888941,Siraspur,New Delhi,Delhi,India,110542
502,Amit,Choudhary,Male,amit@yahoo.com,9971888942,Siraspur,New Delhi,Delhi,India,110543
503,Amit,Choudhary,Male,amit@yahoo.com,9971888943,Siraspur,New Delhi,Delhi,India,110544
504,Amit,Choudhary,Male,amit@yahoo.com,9971888944,Siraspur,New Delhi,Delhi,India,110545
505,Amit,Choudhary,Male,amit@yahoo.com,9971888945,Siraspur,New Delhi,Delhi,India,110546
506,Amit,Choudhary,Male,amit@yahoo.com,9971888946,Siraspur,New Delhi,Delhi,India,110547
507,Amit,Choudhary,Male,amit@yahoo.com,9971888947,Siraspur,New Delhi,Delhi,India,110548
508,Amit,Choudhary,Male,amit@yahoo.com,9971888948,Siraspur,New Delhi,Delhi,India,110549
509,Amit,Choudhary,Male,amit@yahoo.com,9971888949,Siraspur,New Delhi,Delhi,India,110550
510,Amit,Choudhary,Male,amit@yahoo.com,9971888950,Siraspur,New Delhi,Delhi,India,110551
511,Amit,Choudhary,Male,amit@yahoo.com,9971888951,Siraspur,New Delhi,Delhi,India,110552
512,Amit,Choudhary,Male,amit@yahoo.com,9971888952,Siraspur,New Delhi,Delhi,India,110553
513,Amit,Choudhary,Male,amit@yahoo.com,9971888953,Siraspur,New Delhi,Delhi,India,110554
514,Amit,Choudhary,Male,amit@yahoo.com,9971888954,Siraspur,New Delhi,Delhi,India,110555
515,Amit,Choudhary,Male,amit@yahoo.com,9971888955,Siraspur,New Delhi,Delhi,India,110556
516,Amit,Choudhary,Male,amit@yahoo.com,9971888956,Siraspur,New Delhi,Delhi,India,110557
517,Amit,Choudhary,Male,amit@yahoo.com,9971888957,Siraspur,New Delhi,Delhi,India,110558
518,Amit,Choudhary,Male,amit@yahoo.com,9971888958,Siraspur,New Delhi,Delhi,India,110559
519,Amit,Choudhary,Male,amit@yahoo.com,9971888959,Siraspur,New Delhi,Delhi,India,110560
520,Amit,Choudhary,Male,amit@yahoo.com,9971888960,Siraspur,New Delhi,Delhi,India,110561
521,Amit,Choudhary,Male,amit@yahoo.com,9971888961,Siraspur,New Delhi,Delhi,India,110562
522,Amit,Choudhary,Male,amit@yahoo.com,9971888962,Siraspur,New Delhi,Delhi,India,110563
523,Amit,Choudhary,Male,amit@yahoo.com,9971888963,Siraspur,New Delhi,Delhi,India,110564
524,Amit,Choudhary,Male,amit@yahoo.com,9971888964,Siraspur,New Delhi,Delhi,India,110565
525,Amit,Choudhary,Male,amit@yahoo.com,9971888965,Siraspur,New Delhi,Delhi,India,110566
526,Amit,Choudhary,Male,amit@yahoo.com,9971888966,Siraspur,New Delhi,Delhi,India,110567
527,Amit,Choudhary,Male,amit@yahoo.com,9971888967,Siraspur,New Delhi,Delhi,India,110568
528,Amit,Choudhary,Male,amit@yahoo.com,9971888968,Siraspur,New Delhi,Delhi,India,110569
529,Amit,Choudhary,Male,amit@yahoo.com,9971888969,Siraspur,New Delhi,Delhi,India,110570
530,Amit,Choudhary,Male,amit@yahoo.com,9971888970,Siraspur,New Delhi,Delhi,India,110571
531,Amit,Choudhary,Male,amit@yahoo.com,9971888971,Siraspur,New Delhi,Delhi,India,110572
532,Amit,Choudhary,Male,amit@yahoo.com,9971888972,Siraspur,New Delhi,Delhi,India,110573
533,Amit,Choudhary,Male,amit@yahoo.com,9971888973,Siraspur,New Delhi,Delhi,India,110574
534,Amit,Choudhary,Male,amit@yahoo.com,9971888974,Siraspur,New Delhi,Delhi,India,110575
535,Amit,Choudhary,Male,amit@yahoo.com,9971888975,Siraspur,New Delhi,Delhi,India,110576
536,Amit,Choudhary,Male,amit@yahoo.com,9971888976,Siraspur,New Delhi,Delhi,India,110577
537,Amit,Choudhary,Male,amit@yahoo.com,9971888977,Siraspur,New Delhi,Delhi,India,110578
538,Amit,Choudhary,Male,amit@yahoo.com,9971888978,Siraspur,New Delhi,Delhi,India,110579
539,Amit,Choudhary,Male,amit@yahoo.com,9971888979,Siraspur,New Delhi,Delhi,India,110580
540,Amit,Choudhary,Male,amit@yahoo.com,9971888980,Siraspur,New Delhi,Delhi,India,110581
541,Amit,Choudhary,Male,amit@yahoo.com,9971888981,Siraspur,New Delhi,Delhi,India,110582
542,Amit,Choudhary,Male,amit@yahoo.com,9971888982,Siraspur,New Delhi,Delhi,India,110583
543,Amit,Choudhary,Male,amit@yahoo.com,9971888983,Siraspur,New Delhi,Delhi,India,110584
544,Amit,Choudhary,Male,amit@yahoo.com,9971888984,Siraspur,New Delhi,Delhi,India,110585
545,Amit,Choudhary,Male,amit@yahoo.com,9971888985,Siraspur,New Delhi,Delhi,India,110586
546,Amit,Choudhary,Male,amit@yahoo.com,9971888986,Siraspur,New Delhi,Delhi,India,110587
547,Amit,Choudhary,Male,amit@yahoo.com,9971888987,Siraspur,New Delhi,Delhi,India,110588
548,Amit,Choudhary,Male,amit@yahoo.com,9971888988,Siraspur,New Delhi,Delhi,India,110589
549,Amit,Choudhary,Male,amit@yahoo.com,9971888989,Siraspur,New Delhi,Delhi,India,110590
550,Amit,Choudhary,Male,amit@yahoo.com,9971888990,Siraspur,New Delhi,Delhi,India,110591
551,Amit,Choudhary,Male,amit@yahoo.com,9971888991,Siraspur,New Delhi,Delhi,India,110592
552,Amit,Choudhary,Male,amit@yahoo.com,9971888992,Siraspur,New Delhi,Delhi,India,110593
553,Amit,Choudhary,Male,amit@yahoo.com,9971888993,Siraspur,New Delhi,Delhi,India,110594
554,Amit,Choudhary,Male,amit@yahoo.com,9971888994,Siraspur,New Delhi,Delhi,India,110595
555,Amit,Choudhary,Male,amit@yahoo.com,9971888995,Siraspur,New Delhi,Delhi,India,110596
556,Amit,Choudhary,Male,amit@yahoo.com,9971888996,Siraspur,New Delhi,Delhi,India,110597
557,Amit,Choudhary,Male,amit@yahoo.com,9971888997,Siraspur,New Delhi,Delhi,India,110598
558,Amit,Choudhary,Male,amit@yahoo.com,9971888998,Siraspur,New Delhi,Delhi,India,110599
559,Amit,Choudhary,Male,amit@yahoo.com,9971888999,Siraspur,New Delhi,Delhi,India,110600
560,Amit,Choudhary,Male,amit@yahoo.com,9971889000,Siraspur,New Delhi,Delhi,India,110601
561,Amit,Choudhary,Male,amit@yahoo.com,9971889001,Siraspur,New Delhi,Delhi,India,110602
562,Amit,Choudhary,Male,amit@yahoo.com,9971889002,Siraspur,New Delhi,Delhi,India,110603
563,Amit,Choudhary,Male,amit@yahoo.com,9971889003,Siraspur,New Delhi,Delhi,India,110604
564,Amit,Choudhary,Male,amit@yahoo.com,9971889004,Siraspur,New Delhi,Delhi,India,110605
565,Amit,Choudhary,Male,amit@yahoo.com,9971889005,Siraspur,New Delhi,Delhi,India,110606
566,Amit,Choudhary,Male,amit@yahoo.com,9971889006,Siraspur,New Delhi,Delhi,India,110607
567,Amit,Choudhary,Male,amit@yahoo.com,9971889007,Siraspur,New Delhi,Delhi,India,110608
568,Amit,Choudhary,Male,amit@yahoo.com,9971889008,Siraspur,New Delhi,Delhi,India,110609
569,Amit,Choudhary,Male,amit@yahoo.com,9971889009,Siraspur,New Delhi,Delhi,India,110610
570,Amit,Choudhary,Male,amit@yahoo.com,9971889010,Siraspur,New Delhi,Delhi,India,110611
571,Amit,Choudhary,Male,amit@yahoo.com,9971889011,Siraspur,New Delhi,Delhi,India,110612
572,Amit,Choudhary,Male,amit@yahoo.com,9971889012,Siraspur,New Delhi,Delhi,India,110613
573,Amit,Choudhary,Male,amit@yahoo.com,9971889013,Siraspur,New Delhi,Delhi,India,110614
574,Amit,Choudhary,Male,amit@yahoo.com,9971889014,Siraspur,New Delhi,Delhi,India,110615
575,Amit,Choudhary,Male,amit@yahoo.com,9971889015,Siraspur,New Delhi,Delhi,India,110616
576,Amit,Choudhary,Male,amit@yahoo.com,9971889016,Siraspur,New Delhi,Delhi,India,110617
577,Amit,Choudhary,Male,amit@yahoo.com,9971889017,Siraspur,New Delhi,Delhi,India,110618
578,Amit,Choudhary,Male,amit@yahoo.com,9971889018,Siraspur,New Delhi,Delhi,India,110619
579,Amit,Choudhary,Male,amit@yahoo.com,9971889019,Siraspur,New Delhi,Delhi,India,110620
580,Amit,Choudhary,Male,amit@yahoo.com,9971889020,Siraspur,New Delhi,Delhi,India,110621
581,Amit,Choudhary,Male,amit@yahoo.com,9971889021,Siraspur,New Delhi,Delhi,India,110622
582,Amit,Choudhary,Male,amit@yahoo.com,9971889022,Siraspur,New Delhi,Delhi,India,110623
583,Amit,Choudhary,Male,amit@yahoo.com,9971889023,Siraspur,New Delhi,Delhi,India,110624
584,Amit,Choudhary,Male,amit@yahoo.com,9971889024,Siraspur,New Delhi,Delhi,India,110625
585,Amit,Choudhary,Male,amit@yahoo.com,9971889025,Siraspur,New Delhi,Delhi,India,110626
586,Amit,Choudhary,Male,amit@yahoo.com,9971889026,Siraspur,New Delhi,Delhi,India,110627
587,Amit,Choudhary,Male,amit@yahoo.com,9971889027,Siraspur,New Delhi,Delhi,India,110628
588,Amit,Choudhary,Male,amit@yahoo.com,9971889028,Siraspur,New Delhi,Delhi,India,110629
589,Amit,Choudhary,Male,amit@yahoo.com,9971889029,Siraspur,New Delhi,Delhi,India,110630
590,Amit,Choudhary,Male,amit@yahoo.com,9971889030,Siraspur,New Delhi,Delhi,India,110631
591,Amit,Choudhary,Male,amit@yahoo.com,9971889031,Siraspur,New Delhi,Delhi,India,110632
592,Amit,Choudhary,Male,amit@yahoo.com,9971889032,Siraspur,New Delhi,Delhi,India,110633
593,Amit,Choudhary,Male,amit@yahoo.com,9971889033,Siraspur,New Delhi,Delhi,India,110634
594,Amit,Choudhary,Male,amit@yahoo.com,9971889034,Siraspur,New Delhi,Delhi,India,110635
595,Amit,Choudhary,Male,amit@yahoo.com,9971889035,Siraspur,New Delhi,Delhi,India,110636
596,Amit,Choudhary,Male,amit@yahoo.com,9971889036,Siraspur,New Delhi,Delhi,India,110637
597,Amit,Choudhary,Male,amit@yahoo.com,9971889037,Siraspur,New Delhi,Delhi,India,110638
598,Amit,Choudhary,Male,amit@yahoo.com,9971889038,Siraspur,New Delhi,Delhi,India,110639
599,Amit,Choudhary,Male,amit@yahoo.com,9971889039,Siraspur,New Delhi,Delhi,India,110640
600,Amit,Choudhary,Male,amit@yahoo.com,9971889040,Siraspur,New Delhi,Delhi,India,110641
601,Amit,Choudhary,Male,amit@yahoo.com,9971889041,Siraspur,New Delhi,Delhi,India,110642
602,Amit,Choudhary,Male,amit@yahoo.com,9971889042,Siraspur,New Delhi,Delhi,India,110643
603,Amit,Choudhary,Male,amit@yahoo.com,9971889043,Siraspur,New Delhi,Delhi,India,110644
604,Amit,Choudhary,Male,amit@yahoo.com,9971889044,Siraspur,New Delhi,Delhi,India,110645
605,Amit,Choudhary,Male,amit@yahoo.com,9971889045,Siraspur,New Delhi,Delhi,India,110646
606,Amit,Choudhary,Male,amit@yahoo.com,9971889046,Siraspur,New Delhi,Delhi,India,110647
607,Amit,Choudhary,Male,amit@yahoo.com,9971889047,Siraspur,New Delhi,Delhi,India,110648
608,Amit,Choudhary,Male,amit@yahoo.com,9971889048,Siraspur,New Delhi,Delhi,India,110649
609,Amit,Choudhary,Male,amit@yahoo.com,9971889049,Siraspur,New Delhi,Delhi,India,110650
610,Amit,Choudhary,Male,amit@yahoo.com,9971889050,Siraspur,New Delhi,Delhi,India,110651
611,Amit,Choudhary,Male,amit@yahoo.com,9971889051,Siraspur,New Delhi,Delhi,India,110652
612,Amit,Choudhary,Male,amit@yahoo.com,9971889052,Siraspur,New Delhi,Delhi,India,110653
613,Amit,Choudhary,Male,amit@yahoo.com,9971889053,Siraspur,New Delhi,Delhi,India,110654
614,Amit,Choudhary,Male,amit@yahoo.com,9971889054,Siraspur,New Delhi,Delhi,India,110655
615,Amit,Choudhary,Male,amit@yahoo.com,9971889055,Siraspur,New Delhi,Delhi,India,110656
616,Amit,Choudhary,Male,amit@yahoo.com,9971889056,Siraspur,New Delhi,Delhi,India,110657
617,Amit,Choudhary,Male,amit@yahoo.com,9971889057,Siraspur,New Delhi,Delhi,India,110658
618,Amit,Choudhary,Male,amit@yahoo.com,9971889058,Siraspur,New Delhi,Delhi,India,110659
619,Amit,Choudhary,Male,amit@yahoo.com,9971889059,Siraspur,New Delhi,Delhi,India,110660
620,Amit,Choudhary,Male,amit@yahoo.com,9971889060,Siraspur,New Delhi,Delhi,India,110661
621,Amit,Choudhary,Male,amit@yahoo.com,9971889061,Siraspur,New Delhi,Delhi,India,110662
622,Amit,Choudhary,Male,amit@yahoo.com,9971889062,Siraspur,New Delhi,Delhi,India,110663
623,Amit,Choudhary,Male,amit@yahoo.com,9971889063,Siraspur,New Delhi,Delhi,India,110664
624,Amit,Choudhary,Male,amit@yahoo.com,9971889064,Siraspur,New Delhi,Delhi,India,110665
625,Amit,Choudhary,Male,amit@yahoo.com,9971889065,Siraspur,New Delhi,Delhi,India,110666
626,Amit,Choudhary,Male,amit@yahoo.com,9971889066,Siraspur,New Delhi,Delhi,India,110667
627,Amit,Choudhary,Male,amit@yahoo.com,9971889067,Siraspur,New Delhi,Delhi,India,110668
628,Amit,Choudhary,Male,amit@yahoo.com,9971889068,Siraspur,New Delhi,Delhi,India,110669
629,Amit,Choudhary,Male,amit@yahoo.com,9971889069,Siraspur,New Delhi,Delhi,India,110670
630,Amit,Choudhary,Male,amit@yahoo.com,9971889070,Siraspur,New Delhi,Delhi,India,110671
631,Amit,Choudhary,Male,amit@yahoo.com,9971889071,Siraspur,New Delhi,Delhi,India,110672
632,Amit,Choudhary,Male,amit@yahoo.com,9971889072,Siraspur,New Delhi,Delhi,India,110673
633,Amit,Choudhary,Male,amit@yahoo.com,9971889073,Siraspur,New Delhi,Delhi,India,110674
634,Amit,Choudhary,Male,amit@yahoo.com,9971889074,Siraspur,New Delhi,Delhi,India,110675
635,Amit,Choudhary,Male,amit@yahoo.com,9971889075,Siraspur,New Delhi,Delhi,India,110676
636,Amit,Choudhary,Male,amit@yahoo.com,9971889076,Siraspur,New Delhi,Delhi,India,110677
637,Amit,Choudhary,Male,amit@yahoo.com,9971889077,Siraspur,New Delhi,Delhi,India,110678
638,Amit,Choudhary,Male,amit@yahoo.com,9971889078,Siraspur,New Delhi,Delhi,India,110679
639,Amit,Choudhary,Male,amit@yahoo.com,9971889079,Siraspur,New Delhi,Delhi,India,110680
640,Amit,Choudhary,Male,amit@yahoo.com,9971889080,Siraspur,New Delhi,Delhi,India,110681
641,Amit,Choudhary,Male,amit@yahoo.com,9971889081,Siraspur,New Delhi,Delhi,India,110682
642,Amit,Choudhary,Male,amit@yahoo.com,9971889082,Siraspur,New Delhi,Delhi,India,110683
643,Amit,Choudhary,Male,amit@yahoo.com,9971889083,Siraspur,New Delhi,Delhi,India,110684
644,Amit,Choudhary,Male,amit@yahoo.com,9971889084,Siraspur,New Delhi,Delhi,India,110685
645,Amit,Choudhary,Male,amit@yahoo.com,9971889085,Siraspur,New Delhi,Delhi,India,110686
646,Amit,Choudhary,Male,amit@yahoo.com,9971889086,Siraspur,New Delhi,Delhi,India,110687
647,Amit,Choudhary,Male,amit@yahoo.com,9971889087,Siraspur,New Delhi,Delhi,India,110688
648,Amit,Choudhary,Male,amit@yahoo.com,9971889088,Siraspur,New Delhi,Delhi,India,110689
649,Amit,Choudhary,Male,amit@yahoo.com,9971889089,Siraspur,New Delhi,Delhi,India,110690
650,Amit,Choudhary,Male,amit@yahoo.com,9971889090,Siraspur,New Delhi,Delhi,India,110691
651,Amit,Choudhary,Male,amit@yahoo.com,9971889091,Siraspur,New Delhi,Delhi,India,110692
652,Amit,Choudhary,Male,amit@yahoo.com,9971889092,Siraspur,New Delhi,Delhi,India,110693
653,Amit,Choudhary,Male,amit@yahoo.com,9971889093,Siraspur,New Delhi,Delhi,India,110694
654,Amit,Choudhary,Male,amit@yahoo.com,9971889094,Siraspur,New Delhi,Delhi,India,110695
655,Amit,Choudhary,Male,amit@yahoo.com,9971889095,Siraspur,New Delhi,Delhi,India,110696
656,Amit,Choudhary,Male,amit@yahoo.com,9971889096,Siraspur,New Delhi,Delhi,India,110697
657,Amit,Choudhary,Male,amit@yahoo.com,9971889097,Siraspur,New Delhi,Delhi,India,110698
658,Amit,Choudhary,Male,amit@yahoo.com,9971889098,Siraspur,New Delhi,Delhi,India,110699
659,Amit,Choudhary,Male,amit@yahoo.com,9971889099,Siraspur,New Delhi,Delhi,India,110700
660,Amit,Choudhary,Male,amit@yahoo.com,9971889100,Siraspur,New Delhi,Delhi,India,110701
661,Amit,Choudhary,Male,amit@yahoo.com,9971889101,Siraspur,New Delhi,Delhi,India,110702
662,Amit,Choudhary,Male,amit@yahoo.com,9971889102,Siraspur,New Delhi,Delhi,India,110703
663,Amit,Choudhary,Male,amit@yahoo.com,9971889103,Siraspur,New Delhi,Delhi,India,110704
664,Amit,Choudhary,Male,amit@yahoo.com,9971889104,Siraspur,New Delhi,Delhi,India,110705
665,Amit,Choudhary,Male,amit@yahoo.com,9971889105,Siraspur,New Delhi,Delhi,India,110706
666,Amit,Choudhary,Male,amit@yahoo.com,9971889106,Siraspur,New Delhi,Delhi,India,110707
667,Amit,Choudhary,Male,amit@yahoo.com,9971889107,Siraspur,New Delhi,Delhi,India,110708
668,Amit,Choudhary,Male,amit@yahoo.com,9971889108,Siraspur,New Delhi,Delhi,India,110709
669,Amit,Choudhary,Male,amit@yahoo.com,9971889109,Siraspur,New Delhi,Delhi,India,110710
670,Amit,Choudhary,Male,amit@yahoo.com,9971889110,Siraspur,New Delhi,Delhi,India,110711
671,Amit,Choudhary,Male,amit@yahoo.com,9971889111,Siraspur,New Delhi,Delhi,India,110712
672,Amit,Choudhary,Male,amit@yahoo.com,9971889112,Siraspur,New Delhi,Delhi,India,110713
673,Amit,Choudhary,Male,amit@yahoo.com,9971889113,Siraspur,New Delhi,Delhi,India,110714
674,Amit,Choudhary,Male,amit@yahoo.com,9971889114,Siraspur,New Delhi,Delhi,India,110715
675,Amit,Choudhary,Male,amit@yahoo.com,9971889115,Siraspur,New Delhi,Delhi,India,110716
676,Amit,Choudhary,Male,amit@yahoo.com,9971889116,Siraspur,New Delhi,Delhi,India,110717
677,Amit,Choudhary,Male,amit@yahoo.com,9971889117,Siraspur,New Delhi,Delhi,India,110718
678,Amit,Choudhary,Male,amit@yahoo.com,9971889118,Siraspur,New Delhi,Delhi,India,110719
679,Amit,Choudhary,Male,amit@yahoo.com,9971889119,Siraspur,New Delhi,Delhi,India,110720
680,Amit,Choudhary,Male,amit@yahoo.com,9971889120,Siraspur,New Delhi,Delhi,India,110721
681,Amit,Choudhary,Male,amit@yahoo.com,9971889121,Siraspur,New Delhi,Delhi,India,110722
682,Amit,Choudhary,Male,amit@yahoo.com,9971889122,Siraspur,New Delhi,Delhi,India,110723
683,Amit,Choudhary,Male,amit@yahoo.com,9971889123,Siraspur,New Delhi,Delhi,India,110724
684,Amit,Choudhary,Male,amit@yahoo.com,9971889124,Siraspur,New Delhi,Delhi,India,110725
685,Amit,Choudhary,Male,amit@yahoo.com,9971889125,Siraspur,New Delhi,Delhi,India,110726
686,Amit,Choudhary,Male,amit@yahoo.com,9971889126,Siraspur,New Delhi,Delhi,India,110727
687,Amit,Choudhary,Male,amit@yahoo.com,9971889127,Siraspur,New Delhi,Delhi,India,110728
688,Amit,Choudhary,Male,amit@yahoo.com,9971889128,Siraspur,New Delhi,Delhi,India,110729
689,Amit,Choudhary,Male,amit@yahoo.com,9971889129,Siraspur,New Delhi,Delhi,India,110730
690,Amit,Choudhary,Male,amit@yahoo.com,9971889130,Siraspur,New Delhi,Delhi,India,110731
691,Amit,Choudhary,Male,amit@yahoo.com,9971889131,Siraspur,New Delhi,Delhi,India,110732
692,Amit,Choudhary,Male,amit@yahoo.com,9971889132,Siraspur,New Delhi,Delhi,India,110733
693,Amit,Choudhary,Male,amit@yahoo.com,9971889133,Siraspur,New Delhi,Delhi,India,110734
694,Amit,Choudhary,Male,amit@yahoo.com,9971889134,Siraspur,New Delhi,Delhi,India,110735
695,Amit,Choudhary,Male,amit@yahoo.com,9971889135,Siraspur,New Delhi,Delhi,India,110736
696,Amit,Choudhary,Male,amit@yahoo.com,9971889136,Siraspur,New Delhi,Delhi,India,110737
697,Amit,Choudhary,Male,amit@yahoo.com,9971889137,Siraspur,New Delhi,Delhi,India,110738
698,Amit,Choudhary,Male,amit@yahoo.com,9971889138,Siraspur,New Delhi,Delhi,India,110739
699,Amit,Choudhary,Male,amit@yahoo.com,9971889139,Siraspur,New Delhi,Delhi,India,110740
700,Amit,Choudhary,Male,amit@yahoo.com,9971889140,Siraspur,New Delhi,Delhi,India,110741
701,Amit,Choudhary,Male,amit@yahoo.com,9971889141,Siraspur,New Delhi,Delhi,India,110742
702,Amit,Choudhary,Male,amit@yahoo.com,9971889142,Siraspur,New Delhi,Delhi,India,110743
703,Amit,Choudhary,Male,amit@yahoo.com,9971889143,Siraspur,New Delhi,Delhi,India,110744
704,Amit,Choudhary,Male,amit@yahoo.com,9971889144,Siraspur,New Delhi,Delhi,India,110745
705,Amit,Choudhary,Male,amit@yahoo.com,9971889145,Siraspur,New Delhi,Delhi,India,110746
706,Amit,Choudhary,Male,amit@yahoo.com,9971889146,Siraspur,New Delhi,Delhi,India,110747
707,Amit,Choudhary,Male,amit@yahoo.com,9971889147,Siraspur,New Delhi,Delhi,India,110748
708,Amit,Choudhary,Male,amit@yahoo.com,9971889148,Siraspur,New Delhi,Delhi,India,110749
709,Amit,Choudhary,Male,amit@yahoo.com,9971889149,Siraspur,New Delhi,Delhi,India,110750
710,Amit,Choudhary,Male,amit@yahoo.com,9971889150,Siraspur,New Delhi,Delhi,India,110751
711,Amit,Choudhary,Male,amit@yahoo.com,9971889151,Siraspur,New Delhi,Delhi,India,110752
712,Amit,Choudhary,Male,amit@yahoo.com,9971889152,Siraspur,New Delhi,Delhi,India,110753
713,Amit,Choudhary,Male,amit@yahoo.com,9971889153,Siraspur,New Delhi,Delhi,India,110754
714,Amit,Choudhary,Male,amit@yahoo.com,9971889154,Siraspur,New Delhi,Delhi,India,110755
715,Amit,Choudhary,Male,amit@yahoo.com,9971889155,Siraspur,New Delhi,Delhi,India,110756
716,Amit,Choudhary,Male,amit@yahoo.com,9971889156,Siraspur,New Delhi,Delhi,India,110757
717,Amit,Choudhary,Male,amit@yahoo.com,9971889157,Siraspur,New Delhi,Delhi,India,110758
718,Amit,Choudhary,Male,amit@yahoo.com,9971889158,Siraspur,New Delhi,Delhi,India,110759
719,Amit,Choudhary,Male,amit@yahoo.com,9971889159,Siraspur,New Delhi,Delhi,India,110760
720,Amit,Choudhary,Male,amit@yahoo.com,9971889160,Siraspur,New Delhi,Delhi,India,110761
721,Amit,Choudhary,Male,amit@yahoo.com,9971889161,Siraspur,New Delhi,Delhi,India,110762
722,Amit,Choudhary,Male,amit@yahoo.com,9971889162,Siraspur,New Delhi,Delhi,India,110763
723,Amit,Choudhary,Male,amit@yahoo.com,9971889163,Siraspur,New Delhi,Delhi,India,110764
724,Amit,Choudhary,Male,amit@yahoo.com,9971889164,Siraspur,New Delhi,Delhi,India,110765
725,Amit,Choudhary,Male,amit@yahoo.com,9971889165,Siraspur,New Delhi,Delhi,India,110766
726,Amit,Choudhary,Male,amit@yahoo.com,9971889166,Siraspur,New Delhi,Delhi,India,110767
727,Amit,Choudhary,Male,amit@yahoo.com,9971889167,Siraspur,New Delhi,Delhi,India,110768
728,Amit,Choudhary,Male,amit@yahoo.com,9971889168,Siraspur,New Delhi,Delhi,India,110769
729,Amit,Choudhary,Male,amit@yahoo.com,9971889169,Siraspur,New Delhi,Delhi,India,110770
730,Amit,Choudhary,Male,amit@yahoo.com,9971889170,Siraspur,New Delhi,Delhi,India,110771
731,Amit,Choudhary,Male,amit@yahoo.com,9971889171,Siraspur,New Delhi,Delhi,India,110772
732,Amit,Choudhary,Male,amit@yahoo.com,9971889172,Siraspur,New Delhi,Delhi,India,110773
733,Amit,Choudhary,Male,amit@yahoo.com,9971889173,Siraspur,New Delhi,Delhi,India,110774
734,Amit,Choudhary,Male,amit@yahoo.com,9971889174,Siraspur,New Delhi,Delhi,India,110775
735,Amit,Choudhary,Male,amit@yahoo.com,9971889175,Siraspur,New Delhi,Delhi,India,110776
736,Amit,Choudhary,Male,amit@yahoo.com,9971889176,Siraspur,New Delhi,Delhi,India,110777
737,Amit,Choudhary,Male,amit@yahoo.com,9971889177,Siraspur,New Delhi,Delhi,India,110778
738,Amit,Choudhary,Male,amit@yahoo.com,9971889178,Siraspur,New Delhi,Delhi,India,110779
739,Amit,Choudhary,Male,amit@yahoo.com,9971889179,Siraspur,New Delhi,Delhi,India,110780
740,Amit,Choudhary,Male,amit@yahoo.com,9971889180,Siraspur,New Delhi,Delhi,India,110781
741,Amit,Choudhary,Male,amit@yahoo.com,9971889181,Siraspur,New Delhi,Delhi,India,110782
742,Amit,Choudhary,Male,amit@yahoo.com,9971889182,Siraspur,New Delhi,Delhi,India,110783
743,Amit,Choudhary,Male,amit@yahoo.com,9971889183,Siraspur,New Delhi,Delhi,India,110784
744,Amit,Choudhary,Male,amit@yahoo.com,9971889184,Siraspur,New Delhi,Delhi,India,110785
745,Amit,Choudhary,Male,amit@yahoo.com,9971889185,Siraspur,New Delhi,Delhi,India,110786
746,Amit,Choudhary,Male,amit@yahoo.com,9971889186,Siraspur,New Delhi,Delhi,India,110787
747,Amit,Choudhary,Male,amit@yahoo.com,9971889187,Siraspur,New Delhi,Delhi,India,110788
748,Amit,Choudhary,Male,amit@yahoo.com,9971889188,Siraspur,New Delhi,Delhi,India,110789
749,Amit,Choudhary,Male,amit@yahoo.com,9971889189,Siraspur,New Delhi,Delhi,India,110790
750,Amit,Choudhary,Male,amit@yahoo.com,9971889190,Siraspur,New Delhi,Delhi,India,110791
751,Amit,Choudhary,Male,amit@yahoo.com,9971889191,Siraspur,New Delhi,Delhi,India,110792
752,Amit,Choudhary,Male,amit@yahoo.com,9971889192,Siraspur,New Delhi,Delhi,India,110793
753,Amit,Choudhary,Male,amit@yahoo.com,9971889193,Siraspur,New Delhi,Delhi,India,110794
754,Amit,Choudhary,Male,amit@yahoo.com,9971889194,Siraspur,New Delhi,Delhi,India,110795
755,Amit,Choudhary,Male,amit@yahoo.com,9971889195,Siraspur,New Delhi,Delhi,India,110796
756,Amit,Choudhary,Male,amit@yahoo.com,9971889196,Siraspur,New Delhi,Delhi,India,110797
757,Amit,Choudhary,Male,amit@yahoo.com,9971889197,Siraspur,New Delhi,Delhi,India,110798
758,Amit,Choudhary,Male,amit@yahoo.com,9971889198,Siraspur,New Delhi,Delhi,India,110799
759,Amit,Choudhary,Male,amit@yahoo.com,9971889199,Siraspur,New Delhi,Delhi,India,110800
760,Amit,Choudhary,Male,amit@yahoo.com,9971889200,Siraspur,New Delhi,Delhi,India,110801
761,Amit,Choudhary,Male,amit@yahoo.com,9971889201,Siraspur,New Delhi,Delhi,India,110802
762,Amit,Choudhary,Male,amit@yahoo.com,9971889202,Siraspur,New Delhi,Delhi,India,110803
763,Amit,Choudhary,Male,amit@yahoo.com,9971889203,Siraspur,New Delhi,Delhi,India,110804
764,Amit,Choudhary,Male,amit@yahoo.com,9971889204,Siraspur,New Delhi,Delhi,India,110805
765,Amit,Choudhary,Male,amit@yahoo.com,9971889205,Siraspur,New Delhi,Delhi,India,110806
766,Amit,Choudhary,Male,amit@yahoo.com,9971889206,Siraspur,New Delhi,Delhi,India,110807
767,Amit,Choudhary,Male,amit@yahoo.com,9971889207,Siraspur,New Delhi,Delhi,India,110808
768,Amit,Choudhary,Male,amit@yahoo.com,9971889208,Siraspur,New Delhi,Delhi,India,110809
769,Amit,Choudhary,Male,amit@yahoo.com,9971889209,Siraspur,New Delhi,Delhi,India,110810
770,Amit,Choudhary,Male,amit@yahoo.com,9971889210,Siraspur,New Delhi,Delhi,India,110811
771,Amit,Choudhary,Male,amit@yahoo.com,9971889211,Siraspur,New Delhi,Delhi,India,110812
772,Amit,Choudhary,Male,amit@yahoo.com,9971889212,Siraspur,New Delhi,Delhi,India,110813
773,Amit,Choudhary,Male,amit@yahoo.com,9971889213,Siraspur,New Delhi,Delhi,India,110814
774,Amit,Choudhary,Male,amit@yahoo.com,9971889214,Siraspur,New Delhi,Delhi,India,110815
775,Amit,Choudhary,Male,amit@yahoo.com,9971889215,Siraspur,New Delhi,Delhi,India,110816
776,Amit,Choudhary,Male,amit@yahoo.com,9971889216,Siraspur,New Delhi,Delhi,India,110817
777,Amit,Choudhary,Male,amit@yahoo.com,9971889217,Siraspur,New Delhi,Delhi,India,110818
778,Amit,Choudhary,Male,amit@yahoo.com,9971889218,Siraspur,New Delhi,Delhi,India,110819
779,Amit,Choudhary,Male,amit@yahoo.com,9971889219,Siraspur,New Delhi,Delhi,India,110820
780,Amit,Choudhary,Male,amit@yahoo.com,9971889220,Siraspur,New Delhi,Delhi,India,110821
781,Amit,Choudhary,Male,amit@yahoo.com,9971889221,Siraspur,New Delhi,Delhi,India,110822
782,Amit,Choudhary,Male,amit@yahoo.com,9971889222,Siraspur,New Delhi,Delhi,India,110823
783,Amit,Choudhary,Male,amit@yahoo.com,9971889223,Siraspur,New Delhi,Delhi,India,110824
784,Amit,Choudhary,Male,amit@yahoo.com,9971889224,Siraspur,New Delhi,Delhi,India,110825
785,Amit,Choudhary,Male,amit@yahoo.com,9971889225,Siraspur,New Delhi,Delhi,India,110826
786,Amit,Choudhary,Male,amit@yahoo.com,9971889226,Siraspur,New Delhi,Delhi,India,110827
787,Amit,Choudhary,Male,amit@yahoo.com,9971889227,Siraspur,New Delhi,Delhi,India,110828
788,Amit,Choudhary,Male,amit@yahoo.com,9971889228,Siraspur,New Delhi,Delhi,India,110829
789,Amit,Choudhary,Male,amit@yahoo.com,9971889229,Siraspur,New Delhi,Delhi,India,110830
790,Amit,Choudhary,Male,amit@yahoo.com,9971889230,Siraspur,New Delhi,Delhi,India,110831
791,Amit,Choudhary,Male,amit@yahoo.com,9971889231,Siraspur,New Delhi,Delhi,India,110832
792,Amit,Choudhary,Male,amit@yahoo.com,9971889232,Siraspur,New Delhi,Delhi,India,110833
793,Amit,Choudhary,Male,amit@yahoo.com,9971889233,Siraspur,New Delhi,Delhi,India,110834
794,Amit,Choudhary,Male,amit@yahoo.com,9971889234,Siraspur,New Delhi,Delhi,India,110835
795,Amit,Choudhary,Male,amit@yahoo.com,9971889235,Siraspur,New Delhi,Delhi,India,110836
796,Amit,Choudhary,Male,amit@yahoo.com,9971889236,Siraspur,New Delhi,Delhi,India,110837
797,Amit,Choudhary,Male,amit@yahoo.com,9971889237,Siraspur,New Delhi,Delhi,India,110838
798,Amit,Choudhary,Male,amit@yahoo.com,9971889238,Siraspur,New Delhi,Delhi,India,110839
799,Amit,Choudhary,Male,amit@yahoo.com,9971889239,Siraspur,New Delhi,Delhi,India,110840
800,Amit,Choudhary,Male,amit@yahoo.com,9971889240,Siraspur,New Delhi,Delhi,India,110841
801,Amit,Choudhary,Male,amit@yahoo.com,9971889241,Siraspur,New Delhi,Delhi,India,110842
802,Amit,Choudhary,Male,amit@yahoo.com,9971889242,Siraspur,New Delhi,Delhi,India,110843
803,Amit,Choudhary,Male,amit@yahoo.com,9971889243,Siraspur,New Delhi,Delhi,India,110844
804,Amit,Choudhary,Male,amit@yahoo.com,9971889244,Siraspur,New Delhi,Delhi,India,110845
805,Amit,Choudhary,Male,amit@yahoo.com,9971889245,Siraspur,New Delhi,Delhi,India,110846
806,Amit,Choudhary,Male,amit@yahoo.com,9971889246,Siraspur,New Delhi,Delhi,India,110847
807,Amit,Choudhary,Male,amit@yahoo.com,9971889247,Siraspur,New Delhi,Delhi,India,110848
808,Amit,Choudhary,Male,amit@yahoo.com,9971889248,Siraspur,New Delhi,Delhi,India,110849
809,Amit,Choudhary,Male,amit@yahoo.com,9971889249,Siraspur,New Delhi,Delhi,India,110850
810,Amit,Choudhary,Male,amit@yahoo.com,9971889250,Siraspur,New Delhi,Delhi,India,110851
811,Amit,Choudhary,Male,amit@yahoo.com,9971889251,Siraspur,New Delhi,Delhi,India,110852
812,Amit,Choudhary,Male,amit@yahoo.com,9971889252,Siraspur,New Delhi,Delhi,India,110853
813,Amit,Choudhary,Male,amit@yahoo.com,9971889253,Siraspur,New Delhi,Delhi,India,110854
814,Amit,Choudhary,Male,amit@yahoo.com,9971889254,Siraspur,New Delhi,Delhi,India,110855
815,Amit,Choudhary,Male,amit@yahoo.com,9971889255,Siraspur,New Delhi,Delhi,India,110856
816,Amit,Choudhary,Male,amit@yahoo.com,9971889256,Siraspur,New Delhi,Delhi,India,110857
817,Amit,Choudhary,Male,amit@yahoo.com,9971889257,Siraspur,New Delhi,Delhi,India,110858
818,Amit,Choudhary,Male,amit@yahoo.com,9971889258,Siraspur,New Delhi,Delhi,India,110859
819,Amit,Choudhary,Male,amit@yahoo.com,9971889259,Siraspur,New Delhi,Delhi,India,110860
820,Amit,Choudhary,Male,amit@yahoo.com,9971889260,Siraspur,New Delhi,Delhi,India,110861
821,Amit,Choudhary,Male,amit@yahoo.com,9971889261,Siraspur,New Delhi,Delhi,India,110862
822,Amit,Choudhary,Male,amit@yahoo.com,9971889262,Siraspur,New Delhi,Delhi,India,110863
823,Amit,Choudhary,Male,amit@yahoo.com,9971889263,Siraspur,New Delhi,Delhi,India,110864
824,Amit,Choudhary,Male,amit@yahoo.com,9971889264,Siraspur,New Delhi,Delhi,India,110865
825,Amit,Choudhary,Male,amit@yahoo.com,9971889265,Siraspur,New Delhi,Delhi,India,110866
826,Amit,Choudhary,Male,amit@yahoo.com,9971889266,Siraspur,New Delhi,Delhi,India,110867
827,Amit,Choudhary,Male,amit@yahoo.com,9971889267,Siraspur,New Delhi,Delhi,India,110868
828,Amit,Choudhary,Male,amit@yahoo.com,9971889268,Siraspur,New Delhi,Delhi,India,110869
829,Amit,Choudhary,Male,amit@yahoo.com,9971889269,Siraspur,New Delhi,Delhi,India,110870
830,Amit,Choudhary,Male,amit@yahoo.com,9971889270,Siraspur,New Delhi,Delhi,India,110871
831,Amit,Choudhary,Male,amit@yahoo.com,9971889271,Siraspur,New Delhi,Delhi,India,110872
832,Amit,Choudhary,Male,amit@yahoo.com,9971889272,Siraspur,New Delhi,Delhi,India,110873
833,Amit,Choudhary,Male,amit@yahoo.com,9971889273,Siraspur,New Delhi,Delhi,India,110874
834,Amit,Choudhary,Male,amit@yahoo.com,9971889274,Siraspur,New Delhi,Delhi,India,110875
835,Amit,Choudhary,Male,amit@yahoo.com,9971889275,Siraspur,New Delhi,Delhi,India,110876
836,Amit,Choudhary,Male,amit@yahoo.com,9971889276,Siraspur,New Delhi,Delhi,India,110877
837,Amit,Choudhary,Male,amit@yahoo.com,9971889277,Siraspur,New Delhi,Delhi,India,110878
838,Amit,Choudhary,Male,amit@yahoo.com,9971889278,Siraspur,New Delhi,Delhi,India,110879
839,Amit,Choudhary,Male,amit@yahoo.com,9971889279,Siraspur,New Delhi,Delhi,India,110880
840,Amit,Choudhary,Male,amit@yahoo.com,9971889280,Siraspur,New Delhi,Delhi,India,110881
841,Amit,Choudhary,Male,amit@yahoo.com,9971889281,Siraspur,New Delhi,Delhi,India,110882
842,Amit,Choudhary,Male,amit@yahoo.com,9971889282,Siraspur,New Delhi,Delhi,India,110883
843,Amit,Choudhary,Male,amit@yahoo.com,9971889283,Siraspur,New Delhi,Delhi,India,110884
844,Amit,Choudhary,Male,amit@yahoo.com,9971889284,Siraspur,New Delhi,Delhi,India,110885
845,Amit,Choudhary,Male,amit@yahoo.com,9971889285,Siraspur,New Delhi,Delhi,India,110886
846,Amit,Choudhary,Male,amit@yahoo.com,9971889286,Siraspur,New Delhi,Delhi,India,110887
847,Amit,Choudhary,Male,amit@yahoo.com,9971889287,Siraspur,New Delhi,Delhi,India,110888
848,Amit,Choudhary,Male,amit@yahoo.com,9971889288,Siraspur,New Delhi,Delhi,India,110889
849,Amit,Choudhary,Male,amit@yahoo.com,9971889289,Siraspur,New Delhi,Delhi,India,110890
850,Amit,Choudhary,Male,amit@yahoo.com,9971889290,Siraspur,New Delhi,Delhi,India,110891
851,Amit,Choudhary,Male,amit@yahoo.com,9971889291,Siraspur,New Delhi,Delhi,India,110892
852,Amit,Choudhary,Male,amit@yahoo.com,9971889292,Siraspur,New Delhi,Delhi,India,110893
853,Amit,Choudhary,Male,amit@yahoo.com,9971889293,Siraspur,New Delhi,Delhi,India,110894
854,Amit,Choudhary,Male,amit@yahoo.com,9971889294,Siraspur,New Delhi,Delhi,India,110895
855,Amit,Choudhary,Male,amit@yahoo.com,9971889295,Siraspur,New Delhi,Delhi,India,110896
856,Amit,Choudhary,Male,amit@yahoo.com,9971889296,Siraspur,New Delhi,Delhi,India,110897
857,Amit,Choudhary,Male,amit@yahoo.com,9971889297,Siraspur,New Delhi,Delhi,India,110898
858,Amit,Choudhary,Male,amit@yahoo.com,9971889298,Siraspur,New Delhi,Delhi,India,110899
859,Amit,Choudhary,Male,amit@yahoo.com,9971889299,Siraspur,New Delhi,Delhi,India,110900
860,Amit,Choudhary,Male,amit@yahoo.com,9971889300,Siraspur,New Delhi,Delhi,India,110901
861,Amit,Choudhary,Male,amit@yahoo.com,9971889301,Siraspur,New Delhi,Delhi,India,110902
862,Amit,Choudhary,Male,amit@yahoo.com,9971889302,Siraspur,New Delhi,Delhi,India,110903
863,Amit,Choudhary,Male,amit@yahoo.com,9971889303,Siraspur,New Delhi,Delhi,India,110904
864,Amit,Choudhary,Male,amit@yahoo.com,9971889304,Siraspur,New Delhi,Delhi,India,110905
865,Amit,Choudhary,Male,amit@yahoo.com,9971889305,Siraspur,New Delhi,Delhi,India,110906
866,Amit,Choudhary,Male,amit@yahoo.com,9971889306,Siraspur,New Delhi,Delhi,India,110907
867,Amit,Choudhary,Male,amit@yahoo.com,9971889307,Siraspur,New Delhi,Delhi,India,110908
868,Amit,Choudhary,Male,amit@yahoo.com,9971889308,Siraspur,New Delhi,Delhi,India,110909
869,Amit,Choudhary,Male,amit@yahoo.com,9971889309,Siraspur,New Delhi,Delhi,India,110910
870,Amit,Choudhary,Male,amit@yahoo.com,9971889310,Siraspur,New Delhi,Delhi,India,110911
871,Amit,Choudhary,Male,amit@yahoo.com,9971889311,Siraspur,New Delhi,Delhi,India,110912
872,Amit,Choudhary,Male,amit@yahoo.com,9971889312,Siraspur,New Delhi,Delhi,India,110913
873,Amit,Choudhary,Male,amit@yahoo.com,9971889313,Siraspur,New Delhi,Delhi,India,110914
874,Amit,Choudhary,Male,amit@yahoo.com,9971889314,Siraspur,New Delhi,Delhi,India,110915
875,Amit,Choudhary,Male,amit@yahoo.com,9971889315,Siraspur,New Delhi,Delhi,India,110916
876,Amit,Choudhary,Male,amit@yahoo.com,9971889316,Siraspur,New Delhi,Delhi,India,110917
877,Amit,Choudhary,Male,amit@yahoo.com,9971889317,Siraspur,New Delhi,Delhi,India,110918
878,Amit,Choudhary,Male,amit@yahoo.com,9971889318,Siraspur,New Delhi,Delhi,India,110919
879,Amit,Choudhary,Male,amit@yahoo.com,9971889319,Siraspur,New Delhi,Delhi,India,110920
880,Amit,Choudhary,Male,amit@yahoo.com,9971889320,Siraspur,New Delhi,Delhi,India,110921
881,Amit,Choudhary,Male,amit@yahoo.com,9971889321,Siraspur,New Delhi,Delhi,India,110922
882,Amit,Choudhary,Male,amit@yahoo.com,9971889322,Siraspur,New Delhi,Delhi,India,110923
883,Amit,Choudhary,Male,amit@yahoo.com,9971889323,Siraspur,New Delhi,Delhi,India,110924
884,Amit,Choudhary,Male,amit@yahoo.com,9971889324,Siraspur,New Delhi,Delhi,India,110925
885,Amit,Choudhary,Male,amit@yahoo.com,9971889325,Siraspur,New Delhi,Delhi,India,110926
886,Amit,Choudhary,Male,amit@yahoo.com,9971889326,Siraspur,New Delhi,Delhi,India,110927
887,Amit,Choudhary,Male,amit@yahoo.com,9971889327,Siraspur,New Delhi,Delhi,India,110928
888,Amit,Choudhary,Male,amit@yahoo.com,9971889328,Siraspur,New Delhi,Delhi,India,110929
889,Amit,Choudhary,Male,amit@yahoo.com,9971889329,Siraspur,New Delhi,Delhi,India,110930
890,Amit,Choudhary,Male,amit@yahoo.com,9971889330,Siraspur,New Delhi,Delhi,India,110931
891,Amit,Choudhary,Male,amit@yahoo.com,9971889331,Siraspur,New Delhi,Delhi,India,110932
892,Amit,Choudhary,Male,amit@yahoo.com,9971889332,Siraspur,New Delhi,Delhi,India,110933
893,Amit,Choudhary,Male,amit@yahoo.com,9971889333,Siraspur,New Delhi,Delhi,India,110934
894,Amit,Choudhary,Male,amit@yahoo.com,9971889334,Siraspur,New Delhi,Delhi,India,110935
895,Amit,Choudhary,Male,amit@yahoo.com,9971889335,Siraspur,New Delhi,Delhi,India,110936
896,Amit,Choudhary,Male,amit@yahoo.com,9971889336,Siraspur,New Delhi,Delhi,India,110937
897,Amit,Choudhary,Male,amit@yahoo.com,9971889337,Siraspur,New Delhi,Delhi,India,110938
898,Amit,Choudhary,Male,amit@yahoo.com,9971889338,Siraspur,New Delhi,Delhi,India,110939
899,Amit,Choudhary,Male,amit@yahoo.com,9971889339,Siraspur,New Delhi,Delhi,India,110940
900,Amit,Choudhary,Male,amit@yahoo.com,9971889340,Siraspur,New Delhi,Delhi,India,110941
901,Amit,Choudhary,Male,amit@yahoo.com,9971889341,Siraspur,New Delhi,Delhi,India,110942
902,Amit,Choudhary,Male,amit@yahoo.com,9971889342,Siraspur,New Delhi,Delhi,India,110943
903,Amit,Choudhary,Male,amit@yahoo.com,9971889343,Siraspur,New Delhi,Delhi,India,110944
904,Amit,Choudhary,Male,amit@yahoo.com,9971889344,Siraspur,New Delhi,Delhi,India,110945
905,Amit,Choudhary,Male,amit@yahoo.com,9971889345,Siraspur,New Delhi,Delhi,India,110946
906,Amit,Choudhary,Male,amit@yahoo.com,9971889346,Siraspur,New Delhi,Delhi,India,110947
907,Amit,Choudhary,Male,amit@yahoo.com,9971889347,Siraspur,New Delhi,Delhi,India,110948
908,Amit,Choudhary,Male,amit@yahoo.com,9971889348,Siraspur,New Delhi,Delhi,India,110949
909,Amit,Choudhary,Male,amit@yahoo.com,9971889349,Siraspur,New Delhi,Delhi,India,110950
910,Amit,Choudhary,Male,amit@yahoo.com,9971889350,Siraspur,New Delhi,Delhi,India,110951
911,Amit,Choudhary,Male,amit@yahoo.com,9971889351,Siraspur,New Delhi,Delhi,India,110952
912,Amit,Choudhary,Male,amit@yahoo.com,9971889352,Siraspur,New Delhi,Delhi,India,110953
913,Amit,Choudhary,Male,amit@yahoo.com,9971889353,Siraspur,New Delhi,Delhi,India,110954
914,Amit,Choudhary,Male,amit@yahoo.com,9971889354,Siraspur,New Delhi,Delhi,India,110955
915,Amit,Choudhary,Male,amit@yahoo.com,9971889355,Siraspur,New Delhi,Delhi,India,110956
916,Amit,Choudhary,Male,amit@yahoo.com,9971889356,Siraspur,New Delhi,Delhi,India,110957
917,Amit,Choudhary,Male,amit@yahoo.com,9971889357,Siraspur,New Delhi,Delhi,India,110958
918,Amit,Choudhary,Male,amit@yahoo.com,9971889358,Siraspur,New Delhi,Delhi,India,110959
919,Amit,Choudhary,Male,amit@yahoo.com,9971889359,Siraspur,New Delhi,Delhi,India,110960
920,Amit,Choudhary,Male,amit@yahoo.com,9971889360,Siraspur,New Delhi,Delhi,India,110961
921,Amit,Choudhary,Male,amit@yahoo.com,9971889361,Siraspur,New Delhi,Delhi,India,110962
922,Amit,Choudhary,Male,amit@yahoo.com,9971889362,Siraspur,New Delhi,Delhi,India,110963
923,Amit,Choudhary,Male,amit@yahoo.com,9971889363,Siraspur,New Delhi,Delhi,India,110964
924,Amit,Choudhary,Male,amit@yahoo.com,9971889364,Siraspur,New Delhi,Delhi,India,110965
925,Amit,Choudhary,Male,amit@yahoo.com,9971889365,Siraspur,New Delhi,Delhi,India,110966
926,Amit,Choudhary,Male,amit@yahoo.com,9971889366,Siraspur,New Delhi,Delhi,India,110967
927,Amit,Choudhary,Male,amit@yahoo.com,9971889367,Siraspur,New Delhi,Delhi,India,110968
928,Amit,Choudhary,Male,amit@yahoo.com,9971889368,Siraspur,New Delhi,Delhi,India,110969
929,Amit,Choudhary,Male,amit@yahoo.com,9971889369,Siraspur,New Delhi,Delhi,India,110970
930,Amit,Choudhary,Male,amit@yahoo.com,9971889370,Siraspur,New Delhi,Delhi,India,110971
931,Amit,Choudhary,Male,amit@yahoo.com,9971889371,Siraspur,New Delhi,Delhi,India,110972
932,Amit,Choudhary,Male,amit@yahoo.com,9971889372,Siraspur,New Delhi,Delhi,India,110973
933,Amit,Choudhary,Male,amit@yahoo.com,9971889373,Siraspur,New Delhi,Delhi,India,110974
934,Amit,Choudhary,Male,amit@yahoo.com,9971889374,Siraspur,New Delhi,Delhi,India,110975
935,Amit,Choudhary,Male,amit@yahoo.com,9971889375,Siraspur,New Delhi,Delhi,India,110976
936,Amit,Choudhary,Male,amit@yahoo.com,9971889376,Siraspur,New Delhi,Delhi,India,110977
937,Amit,Choudhary,Male,amit@yahoo.com,9971889377,Siraspur,New Delhi,Delhi,India,110978
938,Amit,Choudhary,Male,amit@yahoo.com,9971889378,Siraspur,New Delhi,Delhi,India,110979
939,Amit,Choudhary,Male,amit@yahoo.com,9971889379,Siraspur,New Delhi,Delhi,India,110980
940,Amit,Choudhary,Male,amit@yahoo.com,9971889380,Siraspur,New Delhi,Delhi,India,110981
941,Amit,Choudhary,Male,amit@yahoo.com,9971889381,Siraspur,New Delhi,Delhi,India,110982
942,Amit,Choudhary,Male,amit@yahoo.com,9971889382,Siraspur,New Delhi,Delhi,India,110983
943,Amit,Choudhary,Male,amit@yahoo.com,9971889383,Siraspur,New Delhi,Delhi,India,110984
944,Amit,Choudhary,Male,amit@yahoo.com,9971889384,Siraspur,New Delhi,Delhi,India,110985
945,Amit,Choudhary,Male,amit@yahoo.com,9971889385,Siraspur,New Delhi,Delhi,India,110986
946,Amit,Choudhary,Male,amit@yahoo.com,9971889386,Siraspur,New Delhi,Delhi,India,110987
947,Amit,Choudhary,Male,amit@yahoo.com,9971889387,Siraspur,New Delhi,Delhi,India,110988
948,Amit,Choudhary,Male,amit@yahoo.com,9971889388,Siraspur,New Delhi,Delhi,India,110989
949,Amit,Choudhary,Male,amit@yahoo.com,9971889389,Siraspur,New Delhi,Delhi,India,110990
950,Amit,Choudhary,Male,amit@yahoo.com,9971889390,Siraspur,New Delhi,Delhi,India,110991
951,Amit,Choudhary,Male,amit@yahoo.com,9971889391,Siraspur,New Delhi,Delhi,India,110992
952,Amit,Choudhary,Male,amit@yahoo.com,9971889392,Siraspur,New Delhi,Delhi,India,110993
953,Amit,Choudhary,Male,amit@yahoo.com,9971889393,Siraspur,New Delhi,Delhi,India,110994
954,Amit,Choudhary,Male,amit@yahoo.com,9971889394,Siraspur,New Delhi,Delhi,India,110995
955,Amit,Choudhary,Male,amit@yahoo.com,9971889395,Siraspur,New Delhi,Delhi,India,110996
956,Amit,Choudhary,Male,amit@yahoo.com,9971889396,Siraspur,New Delhi,Delhi,India,110997
957,Amit,Choudhary,Male,amit@yahoo.com,9971889397,Siraspur,New Delhi,Delhi,India,110998
958,Amit,Choudhary,Male,amit@yahoo.com,9971889398,Siraspur,New Delhi,Delhi,India,110999
959,Amit,Choudhary,Male,amit@yahoo.com,9971889399,Siraspur,New Delhi,Delhi,India,111000
960,Amit,Choudhary,Male,amit@yahoo.com,9971889400,Siraspur,New Delhi,Delhi,India,111001
961,Amit,Choudhary,Male,amit@yahoo.com,9971889401,Siraspur,New Delhi,Delhi,India,111002
962,Amit,Choudhary,Male,amit@yahoo.com,9971889402,Siraspur,New Delhi,Delhi,India,111003
963,Amit,Choudhary,Male,amit@yahoo.com,9971889403,Siraspur,New Delhi,Delhi,India,111004
964,Amit,Choudhary,Male,amit@yahoo.com,9971889404,Siraspur,New Delhi,Delhi,India,111005
965,Amit,Choudhary,Male,amit@yahoo.com,9971889405,Siraspur,New Delhi,Delhi,India,111006
966,Amit,Choudhary,Male,amit@yahoo.com,9971889406,Siraspur,New Delhi,Delhi,India,111007
967,Amit,Choudhary,Male,amit@yahoo.com,9971889407,Siraspur,New Delhi,Delhi,India,111008
968,Amit,Choudhary,Male,amit@yahoo.com,9971889408,Siraspur,New Delhi,Delhi,India,111009
969,Amit,Choudhary,Male,amit@yahoo.com,9971889409,Siraspur,New Delhi,Delhi,India,111010
970,Amit,Choudhary,Male,amit@yahoo.com,9971889410,Siraspur,New Delhi,Delhi,India,111011
971,Amit,Choudhary,Male,amit@yahoo.com,9971889411,Siraspur,New Delhi,Delhi,India,111012
972,Amit,Choudhary,Male,amit@yahoo.com,9971889412,Siraspur,New Delhi,Delhi,India,111013
973,Amit,Choudhary,Male,amit@yahoo.com,9971889413,Siraspur,New Delhi,Delhi,India,111014
974,Amit,Choudhary,Male,amit@yahoo.com,9971889414,Siraspur,New Delhi,Delhi,India,111015
975,Amit,Choudhary,Male,amit@yahoo.com,9971889415,Siraspur,New Delhi,Delhi,India,111016
976,Amit,Choudhary,Male,amit@yahoo.com,9971889416,Siraspur,New Delhi,Delhi,India,111017
977,Amit,Choudhary,Male,amit@yahoo.com,9971889417,Siraspur,New Delhi,Delhi,India,111018
978,Amit,Choudhary,Male,amit@yahoo.com,9971889418,Siraspur,New Delhi,Delhi,India,111019
979,Amit,Choudhary,Male,amit@yahoo.com,9971889419,Siraspur,New Delhi,Delhi,India,111020
980,Amit,Choudhary,Male,amit@yahoo.com,9971889420,Siraspur,New Delhi,Delhi,India,111021
981,Amit,Choudhary,Male,amit@yahoo.com,9971889421,Siraspur,New Delhi,Delhi,India,111022
982,Amit,Choudhary,Male,amit@yahoo.com,9971889422,Siraspur,New Delhi,Delhi,India,111023
983,Amit,Choudhary,Male,amit@yahoo.com,9971889423,Siraspur,New Delhi,Delhi,India,111024
984,Amit,Choudhary,Male,amit@yahoo.com,9971889424,Siraspur,New Delhi,Delhi,India,111025
985,Amit,Choudhary,Male,amit@yahoo.com,9971889425,Siraspur,New Delhi,Delhi,India,111026
986,Amit,Choudhary,Male,amit@yahoo.com,9971889426,Siraspur,New Delhi,Delhi,India,111027
987,Amit,Choudhary,Male,amit@yahoo.com,9971889427,Siraspur,New Delhi,Delhi,India,111028
988,Amit,Choudhary,Male,amit@yahoo.com,9971889428,Siraspur,New Delhi,Delhi,India,111029
989,Amit,Choudhary,Male,amit@yahoo.com,9971889429,Siraspur,New Delhi,Delhi,India,111030
990,Amit,Choudhary,Male,amit@yahoo.com,9971889430,Siraspur,New Delhi,Delhi,India,111031
991,Amit,Choudhary,Male,amit@yahoo.com,9971889431,Siraspur,New Delhi,Delhi,India,111032
992,Amit,Choudhary,Male,amit@yahoo.com,9971889432,Siraspur,New Delhi,Delhi,India,111033
993,Amit,Choudhary,Male,amit@yahoo.com,9971889433,Siraspur,New Delhi,Delhi,India,111034
994,Amit,Choudhary,Male,amit@yahoo.com,9971889434,Siraspur,New Delhi,Delhi,India,111035
995,Amit,Choudhary,Male,amit@yahoo.com,9971889435,Siraspur,New Delhi,Delhi,India,111036
996,Amit,Choudhary,Male,amit@yahoo.com,9971889436,Siraspur,New Delhi,Delhi,India,111037
997,Amit,Choudhary,Male,amit@yahoo.com,9971889437,Siraspur,New Delhi,Delhi,India,111038
998,Amit,Choudhary,Male,amit@yahoo.com,9971889438,Siraspur,New Delhi,Delhi,India,111039
999,Amit,Choudhary,Male,amit@yahoo.com,9971889439,Siraspur,New Delhi,Delhi,India,111040
1000,Amit,Choudhary,Male,amit@yahoo.com,9971889440,Siraspur,New Delhi,Delhi,India,111041
